name;url;url_title;img;geo;country;milk;curd;aoc;aoc_year
A Filetta;https://fr.wikipedia.org/wiki/A_Filetta_%28marque%29;A Filetta;https://upload.wikimedia.org/wikipedia/commons/thumb/6/63/Fromage-Afiletta.jpg/1280px-Fromage-Afiletta.jpg;Haute-Corse;FR;sheep;rind-washed-cheese;false;
Abbaye de Belloc;https://fr.wikipedia.org/wiki/Abbaye_de_Belloc_%28fromage%29;Abbaye de Belloc;https://upload.wikimedia.org/wikipedia/commons/1/1f/Marque_de_fromage_Pur_Brebis_de_l%27Abbaye_de_Belloc_.jpg;Pyrénées-Atlantiques;FR;sheep;uncooked-pressed-cheese;false;
Abbaye de Cîteaux;https://fr.wikipedia.org/wiki/Abbaye_de_C%C3%AEteaux_(marque);Abbaye de Cîteaux;;Côte d'Or;FR;cow;uncooked-pressed-cheese;false;
Abbaye de la Joie Notre-Dame;https://fr.wikipedia.org/wiki/Abbaye_la_Joie_Notre-Dame_(marque_fromag%C3%A8re);Abbaye de la Joie Notre-Dame;;Morbihan;FR;cow;uncooked-pressed-cheese;false;
Abbaye de la Pierre-Qui-Vire;https://fr.wikipedia.org/wiki/Boulette_de_la_Pierre-qui-Vire;Abbaye de la Pierre-Qui-Vire;;Yonne;FR;cow;rind-washed-cheese;false;
Abbaye de Tamié;https://fr.wikipedia.org/wiki/Abbaye_de_Tami%C3%A9_(marque_fromag%C3%A8re);Abbaye de Tamié;;Savoie;FR;cow;uncooked-pressed-cheese;false;
Abondance;https://fr.wikipedia.org/wiki/Abondance_(fromage);Abondance;;Haute-Savoie;FR;cow;cooked-pressed-cheese;true;1990
Affidélice;https://fr.wikipedia.org/wiki/Affid%C3%A9lice;Affidélice;;Époisses, Bourgogne;FR;cow;rind-washed-cheese;false;
Aiguille d'Orcières;https://fr.wikipedia.org/wiki/Aiguille_d%27Orci%C3%A8res;Aiguille d'Orcières;;Hautes-Alpes;FR;cow;cooked-pressed-cheese;false;
Aisy;https://fr.wikipedia.org/wiki/Aisy ;Aisy;https://upload.wikimedia.org/wikipedia/commons/thumb/2/2f/WikiCheese_-_Aisy_cendr%C3%A9_02.jpg/1280px-WikiCheese_-_Aisy_cendr%C3%A9_02.jpg;Bourgogne;FR;cow;rind-washed-cheese;false;
Aisy Cendré;https://fr.wikipedia.org/wiki/Aisy_Cendr%C3%A9;Aisy Cendré;;Bourgogne;FR;cow;rind-washed-cheese;false;
Alzitone;;Alzitone;;Corse;FR;;;false;
Ami de Chambertin;https://fr.wikipedia.org/wiki/Ami_de_Chambertin ;Ami de Chambertin;https://upload.wikimedia.org/wikipedia/commons/thumb/9/9b/Ami_du_Chambertin.jpg/1280px-Ami_du_Chambertin.jpg;Bourgogne;FR;cow;rind-washed-cheese;false;
Amou;https://fr.wikipedia.org/wiki/Amou_(fromage);Amou;;Gascogne;FR;sheep;uncooked-pressed-cheese;false;
Amour de Nuits;;Amour de Nuits;;Bourgogne;FR;;;false;
Angelot;https://fr.wikipedia.org/wiki/Angelot_(fromage);Angelot;;Pays d'Auge;FR;cow;soft-ripened-cheese;false;
Anneau du Vic-Bilh;https://fr.wikipedia.org/wiki/Anneau_du_Vic-Bilh;Anneau du Vic-Bilh;;Béarn et Gascogne;FR;goat;fresh-cheese;false;
Annot;https://fr.wikipedia.org/wiki/Annot_(fromage);Annot;;Alpes-de-Haute-Provence;FR;sheep;uncooked-pressed-cheese;false;
Ardi-Gasna;https://fr.wikipedia.org/wiki/Ardi-Gasna;Ardi-Gasna;https://upload.wikimedia.org/wikipedia/commons/thumb/4/43/WikiCheese_-_Ardi-gasna_05.jpg/1280px-WikiCheese_-_Ardi-gasna_05.jpg;Pyrénées-Atlantiques;FR;sheep;uncooked-pressed-cheese;false;
Arnégui;https://fr.wikipedia.org/wiki/Arn%C3%A9gui_(fromage) ;Arnégui;https://upload.wikimedia.org/wikipedia/commons/thumb/4/43/WikiCheese_-_Ardi-gasna_05.jpg/1280px-WikiCheese_-_Ardi-gasna_05.jpg;Pays Basque;FR;sheep;uncooked-pressed-cheese;false;
Arôme au vin blanc;https://fr.wikipedia.org/wiki/Ar%C3%B4me_au_vin_blanc;Arôme au vin blanc;;Rhône-Alpes;FR;cow;soft-ripened-cheese;false;
Arôme de Lyon;https://fr.wikipedia.org/wiki/Ar%C3%B4me_de_Lyon;Arôme de Lyon;;Rhône-Alpes;FR;cow;fresh-cheese;false;
Arrigny;https://fr.wikipedia.org/wiki/Arrigny_(fromage);Arrigny;;Champagne-Ardenne;FR;cow;rind-washed-cheese;false;
Arthon;https://fr.wikipedia.org/wiki/Arthon_(fromage);Arthon;;Centre;FR;goat;soft-ripened-cheese;false;
Artisons;https://fr.wikipedia.org/wiki/Fromage_aux_artisons;Artisons;https://upload.wikimedia.org/wikipedia/commons/thumb/f/f9/Fromage_aux_artisous_du_Velay.JPG/1024px-Fromage_aux_artisous_du_Velay.JPG;Haute-Loire;FR;cow;soft-ripened-cheese;false;
Aulnay-de-Saintonge;;Aulnay-de-Saintonge;;Poitou;FR;;;false;
Autun;https://fr.wikipedia.org/wiki/Autun_(fromage);Autun;;Bourgogne;FR;goat;soft-ripened-cheese;false;
Avalin;https://fr.wikipedia.org/wiki/Avalin;Avalin;;Val d'Isère Savoie;FR;cow;cooked-pressed-cheese;false;
Babybel ;https://fr.wikipedia.org/wiki/Babybel;Babybel ;https://upload.wikimedia.org/wikipedia/commons/thumb/2/22/Babybel_WikiCheese_04_Lokal_K.jpg/1280px-Babybel_WikiCheese_04_Lokal_K.jpg;Mayenne, Pays de Loire;FR;cow;fresh-cheese;false;
Baguette laonnaise;https://fr.wikipedia.org/wiki/Baguette_laonnaise ;Baguette laonnaise;;Aisne;FR;cow;rind-washed-cheese;false;
Bamalou;;Bamalou;;Ariège;FR;;;false;
Banon;https://fr.wikipedia.org/wiki/Banon_(fromage);Banon;https://upload.wikimedia.org/wikipedia/commons/thumb/0/0a/Banon_02.jpg/1280px-Banon_02.jpg;Provence;FR;goat;soft-ripened-cheese;true;2003
Barberey;https://fr.wikipedia.org/wiki/Barberey_(fromage);Barberey;;Champagne;FR;cow;soft-ripened-cheese;false;
Barousse;https://fr.wikipedia.org/wiki/Barousse_(fromage);Barousse;https://upload.wikimedia.org/wikipedia/commons/thumb/1/1f/Fromage_de_Sart%C3%A8ne.jpg/1280px-Fromage_de_Sart%C3%A8ne.jpg;Pyrénées;FR;sheep;uncooked-pressed-cheese;false;
Batistin;;Batistin;;Pas-de-Calais;FR;;;false;
Bayard Gourmand;;Bayard Gourmand;;Île-de-France;FR;;;false;
Beaufort;https://fr.wikipedia.org/wiki/Beaufort_(fromage);Beaufort;;Savoie essentiellement;FR;cow;cooked-pressed-cheese;true;1968
Beaufort fermier;;Beaufort fermier;;Beaufortain;FR;;;false;
Beaujolais;;Beaujolais;;Rhône-Alpes;FR;;;false;
Beaumont;https://fr.wikipedia.org/wiki/Beaumont_(fromage);Beaumont;;Savoie;FR;cow;uncooked-pressed-cheese;false;
Belle des champs;https://fr.wikipedia.org/wiki/Belle_des_champs;Belle des champs;;Aisne;FR;cow;soft-ripened-cheese;false;
Berger plat;;Berger plat;;Bresse;FR;;;false;
Bergues;https://fr.wikipedia.org/wiki/Bergues_(fromage);Bergues;https://upload.wikimedia.org/wikipedia/commons/thumb/4/42/Bergues%28fromage%29.jpg/260px-Bergues%28fromage%29.jpg;Flandre française, Pays de la Loire;FR;cow;rind-washed-cheese;false;
Besace;;Besace;;Savoie;FR;;;false;
Bessay;https://fr.wikipedia.org/wiki/Bessay_%28fromage%29;Bessay;;Allier;FR;cow;soft-ripened-cheese;false;
Bethmale;https://fr.wikipedia.org/wiki/Bethmale_(fromage);Bethmale;;Ariège;FR;cow;uncooked-pressed-cheese;false;
Bethmale;https://fr.wikipedia.org/wiki/Bethmale_(fromage);Bethmale;;Pyrénées;FR;cow;uncooked-pressed-cheese;false;
Bichonnet;;Bichonnet;;Bigorre;FR;;;false;
Bigoton;;Bigoton;;Loiret;FR;;;false;
Bilou;;Bilou;;Jura;FR;;;false;
Bite d'âne;;Bite d'âne;;Loir-et-Cher;FR;;;false;
Bleu d'Auvergne;https://fr.wikipedia.org/wiki/Bleu_d%27Auvergne;Bleu d'Auvergne;;Auvergne;FR;cow;blue-cheese;true;1975
Bleu de Beauce;;Bleu de Beauce;;Beauce;FR;;blue-cheese;false;
Bleu de Bonneval;https://fr.wikipedia.org/wiki/Bleu_de_Bonneval ;Bleu de Bonneval;https://upload.wikimedia.org/wikipedia/commons/thumb/0/0d/Bleu_de_Bonneval_lors_du_Wikicheese_du_26_f%C3%A9vrier_2016_07.JPG/1920px-Bleu_de_Bonneval_lors_du_Wikicheese_du_26_f%C3%A9vrier_2016_07.JPG;Savoie;FR;cow;blue-cheese;false;
Bleu de Corse;https://fr.wikipedia.org/wiki/Bleu_de_Corse;Bleu de Corse;;Corse;FR;sheep;blue-cheese;false;
Bleu de Costaros;https://fr.wikipedia.org/wiki/Bleu_de_Costaros;Bleu de Costaros;;Auvergne;FR;cow;blue-cheese;false;
Bleu de Florèze;;Bleu de Florèze;;Saint-Flour,Auvergne;FR;;blue-cheese;false;
Bleu de Gex;https://fr.wikipedia.org/wiki/Bleu_de_Gex;Bleu de Gex;;Pays de Gex;FR;cow;blue-cheese;true;1977
Bleu de Langeac;https://fr.wikipedia.org/wiki/Bleu_de_Langeac;Bleu de Langeac;;Auvergne;FR;cow;blue-cheese;false;
Bleu de Laqueuille;https://fr.wikipedia.org/wiki/Bleu_de_Laqueuille;Bleu de Laqueuille;;Auvergne;FR;cow;blue-cheese;false;
Bleu de Lavaldens;https://fr.wikipedia.org/wiki/Bleu_de_Lavaldens;Bleu de Lavaldens;;Isère;FR;cow;blue-cheese;false;
Bleu de Loudes;https://fr.wikipedia.org/wiki/Bleu_de_Loudes;Bleu de Loudes;;Auvergne;FR;cow;blue-cheese;false;
Bleu de Provence;;Bleu de Provence;;Haute-Provence;FR;;blue-cheese;false;
Bleu de Sainte-Foy;https://fr.wikipedia.org/wiki/Bleu_de_Sainte-Foy;Bleu de Sainte-Foy;;Savoie;FR;cow;blue-cheese;false;
Bleu de Septmoncel;https://fr.wikipedia.org/wiki/Bleu_de_Septmoncel ;Bleu de Septmoncel;https://upload.wikimedia.org/wikipedia/commons/thumb/a/a8/Bleu_de_Gex.jpg/1280px-Bleu_de_Gex.jpg;Jura;FR;cow;blue-cheese;false;
Bleu de Séverac;;Bleu de Séverac;;Rouergue;FR;;blue-cheese;false;
Bleu de Termignon;https://fr.wikipedia.org/wiki/Bleu_de_Termignon;Bleu de Termignon;;Savoie;FR;cow;blue-cheese;false;
Bleu de Thiézac;https://fr.wikipedia.org/wiki/Bleu_de_Thi%C3%A9zac;Bleu de Thiézac;;Auvergne;FR;cow;blue-cheese;false;
Bleu de Valey;;Bleu de Valey;;Auvergne;FR;;blue-cheese;false;
Bleu des Causses;https://fr.wikipedia.org/wiki/Bleu_des_Causses;Bleu des Causses;;Rouergue;FR;cow;blue-cheese;true;1979
Bleu des Cayres;;Bleu des Cayres;;Auvergne;FR;;blue-cheese;false;
Bleu du Dévoluy;https://fr.wikipedia.org/wiki/Bleu_du_D%C3%A9voluy;Bleu du Dévoluy;;Hautes-Alpes;FR;cow;blue-cheese;false;
Bleu du Haut-Jura;https://fr.wikipedia.org/wiki/Bleu_du_Haut-Jura ;Bleu du Haut-Jura;https://upload.wikimedia.org/wikipedia/commons/thumb/a/a8/Bleu_de_Gex.jpg/1280px-Bleu_de_Gex.jpg;Jura;FR;cow;blue-cheese;false;
Bleu du Mont-Cenis;https://fr.wikipedia.org/wiki/Bleu_du_Mont-Cenis;Bleu du Mont-Cenis;;Savoie;FR;cow;blue-cheese;false;
Bleu du Quercy;https://fr.wikipedia.org/wiki/Bleu_du_Quercy;Bleu du Quercy;;Quercy;FR;cow;blue-cheese;false;
Bleu du Vercors-Sassenage;https://fr.wikipedia.org/wiki/Bleu_du_Vercors-Sassenage;Bleu du Vercors-Sassenage;;Dauphiné;FR;cow;blue-cheese;true;1998
Boisseau;;Boisseau;;Île-de-France;FR;;;false;
Bon grivois;;Bon grivois;;Haut-Doubs;FR;;;false;
Bondard;https://fr.wikipedia.org/wiki/Bondard;Bondard;;Normandie;FR;cow;soft-ripened-cheese;false;
Bondaroy au foin;https://fr.wikipedia.org/wiki/Bondaroy_au_foin ;Bondaroy au foin;;Loiret;FR;cow;soft-ripened-cheese;false;
Bonde de Gâtine;https://fr.wikipedia.org/wiki/Bonde_de_G%C3%A2tine;Bonde de Gâtine;;Poitou;FR;goat;soft-ripened-cheese;false;
Bondon;https://fr.wikipedia.org/wiki/Bondon;Bondon;;Normandie;FR;cow;soft-ripened-cheese;false;
Bondon à la fleur de sel;;Bondon à la fleur de sel;;Poitou;FR;;;false;
Bons mayennais;https://fr.wikipedia.org/wiki/Bons_Mayennais;Bons mayennais;;Mayenne;FR;cow;soft-ripened-cheese;false;
Bosson macéré;https://fr.wikipedia.org/wiki/Bosson_mac%C3%A9r%C3%A9;Bosson macéré;https://upload.wikimedia.org/wikipedia/commons/thumb/4/48/Bosson_mac%C3%A9r%C3%A9_sur_tartine_de_pain_gill%C3%A9e.jpg/800px-Bosson_mac%C3%A9r%C3%A9_sur_tartine_de_pain_gill%C3%A9e.jpg;Ardèche (Vivarais) et Bouches-du-Rhône (Crau);FR;mix;mixed-cheese;false;
Bouca;;Bouca;;Val de Loire;FR;;;false;
Boucantrin;https://fr.wikipedia.org/wiki/Boucantrin;Boucantrin;https://upload.wikimedia.org/wikipedia/commons/c/c7/Boucantrin_du_Dauphin%C3%A9.jpg;Dauphiné;FR;cow;soft-ripened-cheese;false;
Bouchon;;Bouchon;;;FR;;;false;
Bouchon charentais;;Bouchon charentais;;Charentes;FR;;;false;
Bouchon de Sancerre;https://fr.wikipedia.org/wiki/Bouchon_de_Sancerre;Bouchon de Sancerre;https://upload.wikimedia.org/wikipedia/commons/thumb/1/1b/WikiCheese_-_Bouchon_de_Sancerre_-_20150619_-_001.jpg/260px-WikiCheese_-_Bouchon_de_Sancerre_-_20150619_-_001.jpg;Sancerrois;FR;goat;soft-ripened-cheese;false;
Bouchon lyonnais;;Bouchon lyonnais;;Lyonnais;FR;;;false;
Bougon;https://fr.wikipedia.org/wiki/Bougon_(fromage);Bougon;;Poitou;FR;goat;soft-ripened-cheese;false;
Bouille;https://fr.wikipedia.org/wiki/Bouille_%28fromage%29;Bouille;;Seine-Maritime;FR;cow;soft-ripened-cheese;false;
Bouine;https://fr.wikipedia.org/wiki/Bouine;Bouine;https://upload.wikimedia.org/wikipedia/commons/thumb/b/b1/Pot_de_bouine_20191229.jpg/800px-Pot_de_bouine_20191229.jpg;Sarthe;FR;mix;mixed-cheese;false;
Boule;;Boule;;;FR;;;false;
Boule aux herbes;;Boule aux herbes;;Bourgogne;FR;;;false;
Boule de Lille;https://fr.wikipedia.org/wiki/Boule_de_Lille;Boule de Lille;https://upload.wikimedia.org/wikipedia/commons/f/fc/Mimolette_vieille_etuvee.jpg;Flandre française, Pays de la Loire;FR;cow;uncooked-pressed-cheese;false;
Boule des moines;https://fr.wikipedia.org/wiki/Boule_des_moines;Boule des moines;;Morvan;FR;cow;fresh-cheese;false;
Boulet de Cassel;https://fr.wikipedia.org/wiki/Boulet_de_Cassel;Boulet de Cassel;;Nord;FR;cow;uncooked-pressed-cheese;false;
Boulette;;Boulette;;;FR;;;false;
Boulette d'Avesnes;https://fr.wikipedia.org/wiki/Boulette_d%27Avesnes;Boulette d'Avesnes;;Nord-Pas-de-Calais;FR;cow;rind-washed-cheese;false;
Boulette de Cambrai;https://fr.wikipedia.org/wiki/Boulette_de_Cambrai;Boulette de Cambrai;;Nord;FR;cow;fresh-cheese;false;
Boulette de la Pierre-qui-Vire;https://fr.wikipedia.org/wiki/Boulette_de_la_Pierre-qui-Vire;Boulette de la Pierre-qui-Vire;;Bourgogne;FR;cow;soft-ripened-cheese;false;
Bourricot;;Bourricot;;Cantal;FR;;;false;
Boursin;https://fr.wikipedia.org/wiki/Boursin_(fromage) ;Boursin;https://upload.wikimedia.org/wikipedia/commons/e/e8/Boursin.jpg;Normandie;FR;cow;fresh-cheese;false;
Bouton de chèvre;;Bouton de chèvre;;;FR;;;false;
Bouton de Culotte;https://fr.wikipedia.org/wiki/Bouton_de_Culotte;Bouton de Culotte;;Mâconnais;FR;goat;soft-ripened-cheese;false;
Bouton d'Oc;;Bouton d'Oc;;Languedoc;FR;;;false;
Bressan;;Bressan;;Rhône-Alpes;FR;;;false;
Bresse Bleu;https://fr.wikipedia.org/wiki/Bresse_Bleu;Bresse Bleu;;Bresse;FR;cow;blue-cheese;false;
Brézain;https://fr.wikipedia.org/wiki/Br%C3%A9zain;Brézain;;Haute-Savoie;FR;cow;uncooked-pressed-cheese;false;
Brie de Coulommiers;https://fr.wikipedia.org/wiki/Coulommiers_(fromage);Brie de Coulommiers;https://upload.wikimedia.org/wikipedia/commons/thumb/d/dc/Coulommiers_lait_cru.jpg/1280px-Coulommiers_lait_cru.jpg;Île-de-France;FR;cow;soft-ripened-cheese;false;
Brie de Meaux;https://fr.wikipedia.org/wiki/Brie_de_Meaux;Brie de Meaux;;Île-de-France,Lorraine;FR;cow;soft-ripened-cheese;true;1980
Brie de Melun;https://fr.wikipedia.org/wiki/Brie_de_Melun;Brie de Melun;;Bourgogne, Champagne, Île-de-Franc;FR;cow;soft-ripened-cheese;true;1980
Brie de Montereau;https://fr.wikipedia.org/wiki/Brie_de_Montereau;Brie de Montereau;;Île-de-France;FR;cow;soft-ripened-cheese;false;
Brie de Nangis;https://fr.wikipedia.org/wiki/Brie_de_Nangis;Brie de Nangis;;Île-de-France;FR;cow;soft-ripened-cheese;false;
Brie de Provins;https://fr.wikipedia.org/wiki/Brie_de_Provins;Brie de Provins;https://upload.wikimedia.org/wikipedia/commons/thumb/b/b2/Brie_de_Provins_crop.jpg/1024px-Brie_de_Provins_crop.jpg;Île-de-France;FR;cow;soft-ripened-cheese;false;
Brie fermier;;Brie fermier;;Seine-et-Marne;FR;;;false;
Brie noir;;Brie noir;;Île-de-France;FR;;soft-ripened-cheese;false;
Brie petit moulé;https://fr.wikipedia.org/wiki/Brie_petit_moulé;Brie petit moulé;https://upload.wikimedia.org/wikipedia/commons/thumb/d/dc/Coulommiers_lait_cru.jpg/1280px-Coulommiers_lait_cru.jpg;Île-de-France;FR;cow;soft-ripened-cheese;false;
Brillat-savarin;https://fr.wikipedia.org/wiki/Brillat-savarin_(fromage) ;Brillat-savarin;https://upload.wikimedia.org/wikipedia/commons/thumb/2/2c/Brillatsavarin.JPG/1280px-Brillatsavarin.JPG;Bourgogne;FR;cow;soft-ripened-cheese;false;
Brin d'amour;;Brin d'amour;;Corse;FR;sheep;rind-washed-cheese;false;
Brin de Paille;;Brin de Paille;;Pays d'Auge;FR;;;false;
Brique;https://fr.wikipedia.org/wiki/Brique_(fromage);Brique;https://upload.wikimedia.org/wikipedia/commons/thumb/1/1b/Brique_du_Forez.jpg/1280px-Brique_du_Forez.jpg;Puy-en-Velay;FR;mix;soft-ripened-cheese;false;
Brique ardéchoise;;Brique ardéchoise;;Rhône-Alpes;FR;;;false;
Brique de brebis;;Brique de brebis;;Haute-Loire;FR;;;false;
Brique de chèvre Vernet;;Brique de chèvre Vernet;;Allier;FR;;;false;
Brique de Joux;;Brique de Joux;;Doubs;FR;;;false;
Brique de pays;;Brique de pays;;Haute-Loire;FR;;;false;
Brique des Flandres;;Brique des Flandres;;Pas-de-Calais;FR;;;false;
Brique du Forez;;Brique du Forez;;monts du Forez;FR;;;false;
Briquette;;Briquette;;;FR;;;false;
Briquette de Coubon;;Briquette de Coubon;;Haute-Loire;FR;;;false;
Briquette de l'Ecaillon;https://fr.wikipedia.org/wiki/Briquette_de_l'Ecaillon;Briquette de l'Ecaillon;;Cambrésis;FR;goat;soft-ripened-cheese;false;
Briquette fermière à la graine de moutarde;;Briquette fermière à la graine de moutarde;;Avesnois;FR;;;false;
Brocciu;https://fr.wikipedia.org/wiki/Brocciu;Brocciu;https://upload.wikimedia.org/wikipedia/commons/0/08/Brocciu2.jpg;Corse;FR;mix;fresh-cheese;true;1998
Brouère;https://fr.wikipedia.org/wiki/Brou%C3%A8re;Brouère;https://upload.wikimedia.org/wikipedia/commons/thumb/8/80/BROUERE_ERMITAGE.jpg/1024px-BROUERE_ERMITAGE.jpg;Vosges;FR;cow;cooked-pressed-cheese;false;
Brousse;https://fr.wikipedia.org/wiki/Brousse_(fromage);Brousse;https://upload.wikimedia.org/wikipedia/commons/thumb/0/00/01_Brousse_de_Rove.jpg/800px-01_Brousse_de_Rove.jpg;Languedoc, Provence,Côte d'Azur,Alpes du sud;FR;goat;fresh-cheese;false;
Brousse du Rove;https://fr.wikipedia.org/wiki/Brousse_(fromage)#Brousse_du_Rove_fermière;Brousse du Rove;https://upload.wikimedia.org/wikipedia/commons/thumb/0/00/01_Brousse_de_Rove.jpg/800px-01_Brousse_de_Rove.jpg;Bouches du Rhône;FR;goat;fresh-cheese;true;2018
Brulot aixois;;Brulot aixois;;Île-d'Aix;FR;;;false;
Bûche;;Bûche;;;FR;;;false;
Bûche du Pilat;;Bûche du Pilat;;Parc régional du Pilat;FR;;;false;
Bûche du Poitou;https://fr.wikipedia.org/wiki/B%C3%BBche_du_Poitou;Bûche du Poitou;https://upload.wikimedia.org/wikipedia/commons/thumb/d/dd/Buche_du_Poitou.jpg/1280px-Buche_du_Poitou.jpg;Poitou;FR;goat;soft-ripened-cheese;false;
Bûche du Vercors;;Bûche du Vercors;;Isère;FR;;;false;
Bûchette;;Bûchette;;;FR;;;false;
Bûchette de Banon;;Bûchette de Banon;;Provence;FR;;;false;
Cabécou;https://fr.wikipedia.org/wiki/Cab%C3%A9cou;Cabécou;;Périgord,Rouergue;FR;goat;soft-ripened-cheese;false;
Cabécou d'Autan;https://fr.wikipedia.org/wiki/Cab%C3%A9cou_d%27Autan;Cabécou d'Autan;;Quercy;FR;goat;soft-ripened-cheese;false;
Cabécou de Livernon;https://fr.wikipedia.org/wiki/Cab%C3%A9cou_de_Livernon;Cabécou de Livernon;;Quercy;FR;goat;soft-ripened-cheese;false;
Cabécou du Fel;https://fr.wikipedia.org/wiki/Cab%C3%A9cou_du_Fel;Cabécou du Fel;;Rouergue / Aveyron;FR;goat;soft-ripened-cheese;false;
Cabrinu;;Cabrinu;;Corse;FR;;;false;
Cabriou ou cabrioulet;;Cabriou ou cabrioulet;;Languedoc;FR;;;false;
Cachaille;https://fr.wikipedia.org/wiki/Cachaille;Cachaille;https://upload.wikimedia.org/wikipedia/commons/thumb/a/aa/Pain%2C_oignon_et_petit_pot_de_cachaille.jpg/1280px-Pain%2C_oignon_et_petit_pot_de_cachaille.jpg;Provence;FR;mix;mixed-cheese;false;
Cacouyard;;Cacouyard;;Franche-Comté;FR;;;false;
Caillé;https://fr.wikipedia.org/wiki/Caill%C3%A9;Caillé;https://upload.wikimedia.org/wikipedia/commons/thumb/8/81/Caill%C3%A9.JPG/1280px-Caill%C3%A9.JPG;France méridionale;FR;mix;fresh-cheese;false;
Caillebotte;https://fr.wikipedia.org/wiki/Caillebotte_%28fromage%29;Caillebotte;;Bretagne;FR;cow;fresh-cheese;false;
Caillou du Rhône;;Caillou du Rhône;;Rhône;FR;;;false;
Callebasse;;Callebasse;;Ariège;FR;;;false;
Camembert;https://fr.wikipedia.org/wiki/Camembert_(fromage);Camembert;https://upload.wikimedia.org/wikipedia/commons/4/4d/Camembert_%28Cheese%29.jpg;Normandie;FR;cow;soft-ripened-cheese;false;
Camembert au calvados;https://fr.wikipedia.org/wiki/Camembert_au_calvados;Camembert au calvados;https://upload.wikimedia.org/wikipedia/commons/thumb/d/d4/Cam_calva.jpg/1280px-Cam_calva.jpg;Calvados, Manche, Eure, Orne;FR;cow;soft-ripened-cheese;false;
Camembert de Normandie;https://fr.wikipedia.org/wiki/Camembert_de_Normandie;Camembert de Normandie;https://upload.wikimedia.org/wikipedia/commons/thumb/6/63/Camembert_de_Normandie_%28AOP%29_10.jpg/1920px-Camembert_de_Normandie_%28AOP%29_10.jpg;Calvados, Manche, Eure, Orne;FR;cow;soft-ripened-cheese;true;1983
Camembert fermier;https://fr.wikipedia.org/wiki/Camembert_fermier;Camembert fermier;https://upload.wikimedia.org/wikipedia/commons/4/4d/Camembert_%28Cheese%29.jpg;;FR;cow;soft-ripened-cheese;false;
Camisard;;Camisard;;Lot;FR;;;false;
Cancoillotte;https://fr.wikipedia.org/wiki/Cancoillotte;Cancoillotte;https://upload.wikimedia.org/wikipedia/commons/thumb/b/b7/Cancoillotte_001.jpg/1280px-Cancoillotte_001.jpg;Franche-Comté;FR;cow;mixed-cheese;false;
Cantal;https://fr.wikipedia.org/wiki/Cantal_(fromage);Cantal;;Cantal;FR;cow;uncooked-pressed-cheese;true;1956
Cantal fermier;;Cantal fermier;;Cantal;FR;;;false;
Canut;https://fr.wikipedia.org/wiki/Cervelle_de_canut;Canut;https://upload.wikimedia.org/wikipedia/commons/thumb/7/76/Cervelle_des_Canuts_servis_dans_le_Vieux_Lyon.jpg/1280px-Cervelle_des_Canuts_servis_dans_le_Vieux_Lyon.jpg;Lyon;FR;cow;mixed-cheese;false;
Cap Noir;https://fr.wikipedia.org/wiki/Cap_Noir_%28fromage%29;Cap Noir;https://upload.wikimedia.org/wikipedia/commons/thumb/4/41/Cap-Noir.JPG/1280px-Cap-Noir.JPG;Réunion;FR;cow;uncooked-pressed-cheese;false;
Capri lézéen;;Capri lézéen;;Poitou;FR;;;false;
Capricciu;;Capricciu;;Corse;FR;;;false;
Caprice des Dieux;https://fr.wikipedia.org/wiki/Caprice_des_Dieux_(fromage) ;Caprice des Dieux;;Haute-Marne;FR;cow;soft-ripened-cheese;false;
Carré d'Aurillac;https://fr.wikipedia.org/wiki/Carr%C3%A9_d%27Aurillac;Carré d'Aurillac;;Cantal;FR;cow;blue-cheese;false;
Carré de Bonneville;https://fr.wikipedia.org/wiki/Carr%C3%A9_de_Bonneville;Carré de Bonneville;;Haute-Savoie;FR;cow;rind-washed-cheese;false;
Carré de Bray;https://fr.wikipedia.org/wiki/Carr%C3%A9_de_Bray;Carré de Bray;;Normandie,Gournay-en-Bray,Forges-les-Eaux.;FR;goat;fresh-cheese;false;
Carré de l'Est;https://fr.wikipedia.org/wiki/Carr%C3%A9_de_l%27Est;Carré de l'Est;https://upload.wikimedia.org/wikipedia/commons/c/ce/Carr%C3%A9_de_l%27Est.jpg;Lorraine et Champagne;FR;cow;soft-ripened-cheese;false;
Carré du Poitou;https://fr.wikipedia.org/wiki/Carr%C3%A9_du_Poitou;Carré du Poitou;https://upload.wikimedia.org/wikipedia/commons/f/ff/Carr%C3%A9_Poitevin.jpg;Poitou;FR;goat;soft-ripened-cheese;false;
Carré du Vinage;https://fr.wikipedia.org/wiki/Carr%C3%A9_du_Vinage;Carré du Vinage;;Nord;FR;cow;rind-washed-cheese;false;
Carré Frais;https://fr.wikipedia.org/wiki/Carr%C3%A9_Frais;Carré Frais;https://upload.wikimedia.org/wikipedia/commons/e/eb/Carre-frais.jpg;Ain;FR;cow;fresh-cheese;false;
Casgiu merzu;;Casgiu merzu;;Corse;FR;;mixed-cheese;false;
Casgiu sartinesu;https://fr.wikipedia.org/wiki/Sartinesu;Casgiu sartinesu;https://upload.wikimedia.org/wikipedia/commons/thumb/1/1f/Fromage_de_Sart%C3%A8ne.jpg/1280px-Fromage_de_Sart%C3%A8ne.jpg;Corse-du-Sud;FR;mix;uncooked-pressed-cheese;false;
Castagniccia;;Castagniccia;;Corse;FR;;;false;
Cathare;https://fr.wikipedia.org/wiki/Cathare_(fromage) ;Cathare;;Languedoc;FR;goat;rind-washed-cheese;false;
Cathelain;;Cathelain;;Savoie;FR;;;false;
Caussedou;;Caussedou;;Quercy;FR;;;false;
Cayolar;;Cayolar;;Pyrénées-Atlantiques;FR;;;false;
Cendré de Champagne;;Cendré de Champagne;;Marne;FR;;;false;
Cendré de Manon;;Cendré de Manon;;Allier;FR;;;false;
Cendré de Niort;;Cendré de Niort;;Poitou;FR;;;false;
Cendré de Vergy;;Cendré de Vergy;;Bourgogne;FR;;;false;
Cendré du Vernet;;Cendré du Vernet;;Allier;FR;;;false;
Cérilly;;Cérilly;;Bourbonnais, Allier;FR;;;false;
Cervelle de canut;https://fr.wikipedia.org/wiki/Cervelle_de_canut;Cervelle de canut;https://upload.wikimedia.org/wikipedia/commons/thumb/7/76/Cervelle_des_Canuts_servis_dans_le_Vieux_Lyon.jpg/1280px-Cervelle_des_Canuts_servis_dans_le_Vieux_Lyon.jpg;Lyon;FR;cow;mixed-cheese;false;
Chabichou du Poitou;https://fr.wikipedia.org/wiki/Chabichou_du_Poitou;Chabichou du Poitou;https://upload.wikimedia.org/wikipedia/commons/thumb/5/53/Chabichou_du_Poitou_04.jpg/1920px-Chabichou_du_Poitou_04.jpg;Poitou;FR;goat;soft-ripened-cheese;true;1990
Chabis;https://fr.wikipedia.org/wiki/Chabis;Chabis;;Poitou;FR;goat;soft-ripened-cheese;false;
Chabrol;;Chabrol;;Clermont-Ferrand;FR;;;false;
Chambérat;https://fr.wikipedia.org/wiki/Chamb%C3%A9rat_fermier ;Chambérat;;Bourbonnais, Allier;FR;cow;rind-washed-cheese;false;
Chamois d'or;;Chamois d'or;;;FR;;;false;
Chandamour;https://fr.wikipedia.org/wiki/Chandamour;Chandamour;;Loire Atlantique;FR;cow;soft-ripened-cheese;false;
Chaource;https://fr.wikipedia.org/wiki/Chaource_(fromage);Chaource;;Bourgogne;FR;cow;soft-ripened-cheese;true;1970
Charolais;https://fr.wikipedia.org/wiki/Charolais_(fromage);Charolais;;Saône et Loire,Loire,Rhône;FR;goat;soft-ripened-cheese;true;2010
Château-Blâmont;;Château-Blâmont;;Lorraine;FR;;;false;
Chatou;;Chatou;;Doubs;FR;;;false;
Chaumes;https://fr.wikipedia.org/wiki/Chaumes;Chaumes;;Périgord;FR;cow;rind-washed-cheese;false;
Chaussée aux Moines;https://fr.wikipedia.org/wiki/Chauss%C3%A9e_aux_Moines;Chaussée aux Moines;;Mayenne;FR;cow;uncooked-pressed-cheese;false;
Chavroux;https://fr.wikipedia.org/wiki/Chavroux;Chavroux;;Poitou;FR;goat;fresh-cheese;false;
Chécy;https://fr.wikipedia.org/wiki/Chécy_%28fromage%29;Chécy;;;FR;cow;soft-ripened-cheese;false;
Chef-Boutonne;;Chef-Boutonne;;Poitou;FR;;;false;
Chevillon;;Chevillon;;Haute-Marne;FR;;;false;
Chèvre des Alpilles;https://fr.wikipedia.org/wiki/Ch%C3%A8vre_des_Alpilles;Chèvre des Alpilles;https://upload.wikimedia.org/wikipedia/commons/thumb/0/04/Ch%C3%A8vre_des_Alpilles_%C3%A0_l%27huile_d%27olive.jpg/1280px-Ch%C3%A8vre_des_Alpilles_%C3%A0_l%27huile_d%27olive.jpg;Massif des Alpilles, Bouches-du-Rhône;FR;goat;soft-ripened-cheese;false;
Chèvre du Mont-Ventoux;https://fr.wikipedia.org/wiki/Ch%C3%A8vre_du_Mont-Ventoux;Chèvre du Mont-Ventoux;https://upload.wikimedia.org/wikipedia/commons/thumb/0/0e/Ch%C3%A8vres_du_Mont-Ventoux_%C3%A0_Sault.jpg/1024px-Ch%C3%A8vres_du_Mont-Ventoux_%C3%A0_Sault.jpg;Plateau d'Albion, Montagne de Lure;FR;goat;soft-ripened-cheese;false;
Chèvre du Poitou;https://fr.wikipedia.org/wiki/Ch%C3%A8vre_du_Poitou;Chèvre du Poitou;;Poitou;FR;goat;soft-ripened-cheese;false;
Chèvre fermier affiné d'automne;;Chèvre fermier affiné d'automne;;;FR;;;false;
Chèvre fermier frais du printemps;;Chèvre fermier frais du printemps;;;FR;;;false;
Chevret;https://fr.wikipedia.org/wiki/Chevret;Chevret;;Ain;FR;goat;soft-ripened-cheese;false;
Chevret du Haut-Jura;https://fr.wikipedia.org/wiki/Chevret_du_Haut-Jura;Chevret du Haut-Jura;https://upload.wikimedia.org/wikipedia/commons/thumb/2/2b/Chevret_du_haut_jura.JPG/1280px-Chevret_du_haut_jura.JPG;Ain;FR;cow;soft-ripened-cheese;false;
Chèvreton;https://fr.wikipedia.org/wiki/Ch%C3%A8vreton;Chèvreton;;;FR;goat;soft-ripened-cheese;false;
Chevrette des Bauges;https://fr.wikipedia.org/wiki/Chevrette_des_Bauges;Chevrette des Bauges;;Savoie;FR;goat;uncooked-pressed-cheese;false;
Chevrion;;Chevrion;;Bigorre;FR;goat;;false;
Chevrotin;https://fr.wikipedia.org/wiki/Chevrotin;Chevrotin;;Savoie, Haute-Savoie, Allie;FR;goat;uncooked-pressed-cheese;true;2002
Chevrotin de Macôt;;Chevrotin de Macôt;;Savoie;FR;goat;;false;
Chevrotin de Peisey-Nancroix;;Chevrotin de Peisey-Nancroix;;Savoie;FR;goat;;false;
Chevrotin des Aravis;;Chevrotin des Aravis;;Haute-Savoie;FR;goat;;false;
Chevrotin du Mont-Cenis;;Chevrotin du Mont-Cenis;;Savoie;FR;goat;;false;
Chevrotin du Vernet;;Chevrotin du Vernet;;Allier;FR;goat;;false;
Chevru;;Chevru;;Seine-et-Marne;FR;goat;;false;
Cht'i Crémeux;;Cht'i Crémeux;;Pas-de-Calais;FR;cow;soft-ripened-cheese;false;
Cht'i roux des Flandres;;Cht'i roux des Flandres;;Nord;FR;;;false;
Civray;;Civray;;Poitou-Charentes;FR;;;false;
Claquebitou;https://fr.wikipedia.org/wiki/Claquebitou;Claquebitou;;Bourgogne;FR;goat;fresh-cheese;false;
Clochette;https://fr.wikipedia.org/wiki/Clochette_%28fromage%29;Clochette;;Poitou;FR;goat;soft-ripened-cheese;false;
Clon;https://fr.wikipedia.org/wiki/Clon;Clon;;Ain;FR;cow;cooked-pressed-cheese;false;
Cœur d'Arras;;Cœur d'Arras;;Pas-de-Calais;FR;;;false;
Cœur d'Avesnes;;Cœur d'Avesnes;;Nord;FR;;;false;
Cœur de Massif;;Cœur de Massif;;Vosges;FR;;;false;
Cœur de Neuchâtel;;Cœur de Neuchâtel;;Pays de Bray,Haute-Normandie;FR;;;false;
Cœur de Pommeau;https://fr.wikipedia.org/wiki/Cœur_de_Pommeau;Cœur de Pommeau;;Pas-de-Calais;FR;cow;soft-ripened-cheese;false;
Cœur du Berry;;Cœur du Berry;;Centre;FR;;;false;
Colombier;https://fr.wikipedia.org/wiki/Colombier_%28fromage%29;Colombier;;Côte d'Or;FR;mix;uncooked-pressed-cheese;false;
Comté;https://fr.wikipedia.org/wiki/Comt%C3%A9_(fromage);Comté;;Franche-Comté;FR;cow;cooked-pressed-cheese;true;1958
Comté fermier;;Comté fermier;;Franche-Comté;FR;;;false;
Comtesse de Vichy;;Comtesse de Vichy;;;FR;;;false;
Confit d'Époisses;https://fr.wikipedia.org/wiki/Confit_d%27%C3%89poisses;Confit d'Époisses;https://upload.wikimedia.org/wikipedia/commons/thumb/d/da/Confit_d%27%C3%89poisses.jpg/1280px-Confit_d%27%C3%89poisses.jpg;Bourgogne;FR;cow;mixed-cheese;false;
Cormeillais;;Cormeillais;;Eure;FR;;;false;
Cornilly;;Cornilly;;Centre;FR;;;false;
Corsica;https://fr.wikipedia.org/wiki/Corsica_(fromage) ;Corsica;;Corse;FR;sheep;soft-ripened-cheese;false;
Cosne de Port-Aubry;;Cosne de Port-Aubry;;Bourgogne;FR;;;false;
Coucouron;https://fr.wikipedia.org/wiki/Coucouron_%28fromage%29;Coucouron;;Ardèche;FR;cow;blue-cheese;false;
Couhé-Vérac;;Couhé-Vérac;;Poitou;FR;;;false;
Coulommiers;https://fr.wikipedia.org/wiki/Coulommiers_(fromage);Coulommiers;;Île-de-France;FR;cow;soft-ripened-cheese;false;
Coulommiers fermier;;Coulommiers fermier;;pays briard,Île-de-France;FR;;;false;
Coup de Corne;;Coup de Corne;;Ariège;FR;;;false;
Couronne lochoise;;Couronne lochoise;;Loches;FR;goat;soft-ripened-cheese;false;
Coussignous;https://fr.wikipedia.org/wiki/Coussignous;Coussignous;https://upload.wikimedia.org/wikipedia/commons/b/b6/Coussignous%2C_huile_d%27olive_et_fines_herbes.jpg;Var;FR;mix;mixed-cheese;false;
Cousteron;https://fr.wikipedia.org/wiki/Cousteron;Cousteron;;Sablé,Meuse;FR;cow;uncooked-pressed-cheese;false;
Coutances;https://fr.wikipedia.org/wiki/Coutances_(fromage) ;Coutances;;Manche;FR;cow;soft-ripened-cheese;false;
Crayeux de Roncq;https://fr.wikipedia.org/wiki/Crayeux_de_Roncq ;Crayeux de Roncq;;Nord;FR;cow;rind-washed-cheese;false;
Crème de brie de Meaux;https://fr.wikipedia.org/wiki/Cr%C3%A8me_de_brie_de_Meaux;Crème de brie de Meaux;;Lorraine;FR;cow;mixed-cheese;false;
Crème de Munster;;Crème de Munster;;Vosges;FR;;;false;
Crémet du Cap Blanc Nez;;Crémet du Cap Blanc Nez;;Pas-de-Calais;FR;cow;rind-washed-cheese;false;
Crémeux du Puy;https://fr.wikipedia.org/wiki/Crémeux_du_Puy;Crémeux du Puy;;Auvergne;FR;cow;blue-cheese;false;
Crottin avesnois;;Crottin avesnois;;Nord;FR;;;false;
Crottin D'Ambert;;Crottin D'Ambert;;Puy de Dôme;FR;;;false;
Crottin de Berry;;Crottin de Berry;;Berry;FR;;;false;
Crottin de Chavignol;https://fr.wikipedia.org/wiki/Crottin_de_Chavignol;Crottin de Chavignol;;Centre-Val-de-Loire;FR;goat;soft-ripened-cheese;true;1976
Croupet;;Croupet;;Seine et Marne;FR;;;false;
Curé nantais;https://fr.wikipedia.org/wiki/Cur%C3%A9_nantais ;Curé nantais;;Pays de la Loire;FR;cow;rind-washed-cheese;false;
Dauphin;https://fr.wikipedia.org/wiki/Dauphin_(fromage);Dauphin;;Picardie;FR;cow;rind-washed-cheese;false;
Délice à la rose/à la violette;;Délice à la rose/à la violette;;;FR;;;false;
Délice d'Argental;https://fr.wikipedia.org/wiki/D%C3%A9lice_d%27Argental;Délice d'Argental;https://upload.wikimedia.org/wikipedia/commons/thumb/7/7e/D%C3%A9lice_d%27Argental.JPG/1280px-D%C3%A9lice_d%27Argental.JPG;;FR;cow;soft-ripened-cheese;false;
Délice de Bourgogne;https://fr.wikipedia.org/wiki/D%C3%A9lice_de_Bourgogne ;Délice de Bourgogne;https://upload.wikimedia.org/wikipedia/commons/thumb/7/78/DELICE_DE_BOURGOGNE_2KG_LINCET_EXPORT.png/1024px-DELICE_DE_BOURGOGNE_2KG_LINCET_EXPORT.png;Bourgogne;FR;cow;soft-ripened-cheese;false;
Délice de la Sicalait;https://fr.wikipedia.org/wiki/D%C3%A9lice_de_la_Sicalait;Délice de la Sicalait;;Réunion;FR;cow;soft-ripened-cheese;false;
Délice de Pommard;https://fr.wikipedia.org/wiki/D%C3%A9lice_de_Pommard;Délice de Pommard;https://upload.wikimedia.org/wikipedia/commons/thumb/3/31/Pommard_moutard.jpg/1280px-Pommard_moutard.jpg;Bourgogne;FR;cow;fresh-cheese;false;
Délice de Saint-Cyr;https://fr.wikipedia.org/wiki/D%C3%A9lice_de_Saint-Cyr;Délice de Saint-Cyr;;Centre;FR;cow;soft-ripened-cheese;false;
Délice des bois;;Délice des bois;;;FR;;;false;
Délice d'été;;Délice d'été;;;FR;;;false;
Délice du crémier;;Délice du crémier;;;FR;;;false;
Demi-sel;https://fr.wikipedia.org/wiki/Demi-sel_(fromage);Demi-sel;;Pays de Bray;FR;cow;fresh-cheese;false;
Dent du chat;;Dent du chat;;Savoie;FR;;;false;
Deux-Chèvres;;Deux-Chèvres;;Poitou;FR;;;false;
Dominette;;Dominette;;Tarn-et-Garonne;FR;;;false;
Doux chêne;;Doux chêne;;Gévaudan, Auvergne;FR;;;false;
Écorce de sapin;https://fr.wikipedia.org/wiki/%C3%89corce_de_sapin;Écorce de sapin;;Franche-Comté;FR;cow;rind-washed-cheese;false;
Écume de Wimereux;;Écume de Wimereux;;Pas-de-Calais;FR;;;false;
Édel de Cléron;https://fr.wikipedia.org/wiki/%C3%89del_de_Cl%C3%A9ron;Édel de Cléron;https://upload.wikimedia.org/wikipedia/commons/thumb/c/c8/%C3%89del_de_Cl%C3%A9ron.jpg/1280px-%C3%89del_de_Cl%C3%A9ron.jpg;Franche-Comté;FR;cow;soft-ripened-cheese;false;
Emmental;https://fr.wikipedia.org/wiki/Emmental;Emmental;https://upload.wikimedia.org/wikipedia/commons/thumb/c/cc/Emmental_%28fromage%29_01.jpg/1920px-Emmental_%28fromage%29_01.jpg;Savoie;FR;cow;cooked-pressed-cheese;false;
Emmental de Savoie;https://fr.wikipedia.org/wiki/Emmental_de_Savoie;Emmental de Savoie;;Haute-Savoie;FR;cow;cooked-pressed-cheese;false;
Emmental français est-central;https://fr.wikipedia.org/wiki/Emmental_fran%C3%A7ais_est-central;Emmental français est-central;;Franche-Comté, Rhône-Alpes;FR;cow;cooked-pressed-cheese;false;
Entrammes;https://fr.wikipedia.org/wiki/Entrammes_%28fromage%29;Entrammes;https://upload.wikimedia.org/wikipedia/commons/2/20/Port_Salut_cheese.jpg;Mayenne;FR;cow;uncooked-pressed-cheese;false;
Epenouse;;Epenouse;;Haut-Doubs;FR;;;false;
Époisses;https://fr.wikipedia.org/wiki/%C3%89poisses_(fromage);Époisses;;Bourgogne;FR;cow;rind-washed-cheese;true;1991
Esbareich;https://fr.wikipedia.org/wiki/Esbareich_(fromage);Esbareich;;Hautes-Pyrénées;FR;sheep;uncooked-pressed-cheese;false;
Etorki;https://fr.wikipedia.org/wiki/Etorki;Etorki;;Pays basque;FR;sheep;uncooked-pressed-cheese;false;
Explorateur;https://fr.wikipedia.org/wiki/Explorateur_(fromage) ;Explorateur;;Île-de-France;FR;cow;fresh-cheese;false;
Faisselle;https://fr.wikipedia.org/wiki/Faisselle;Faisselle;;Poitou,Touraine,Berry;FR;cow;fresh-cheese;false;
Fédou;https://fr.wikipedia.org/wiki/F%C3%A9dou ;Fédou;;Lozère (Causse Méjean);FR;sheep;soft-ripened-cheese;false;
Feuille de Dreux;https://fr.wikipedia.org/wiki/Feuille_de_Dreux;Feuille de Dreux;https://upload.wikimedia.org/wikipedia/commons/thumb/a/a9/Feuille_de_Dreux.JPG/1280px-Feuille_de_Dreux.JPG;Cher;FR;cow;soft-ripened-cheese;false;
Feuille du Limousin;https://fr.wikipedia.org/wiki/Feuille_du_Limousin ;Feuille du Limousin;https://upload.wikimedia.org/wikipedia/commons/thumb/e/e0/Feuille_du_Limousin.jpg/1280px-Feuille_du_Limousin.jpg;Limousin;FR;goat;soft-ripened-cheese;false;
Fiancé des Pyrénées;;Fiancé des Pyrénées;;Hautes-Pyrénées;FR;;;false;
Ficello;;Ficello;;Jura;FR;;;false;
Figou;https://fr.wikipedia.org/wiki/Figou ;Figou;;Limousin;FR;goat;soft-ripened-cheese;false;
Figue;;Figue;;Périgord;FR;;;false;
Figue de Provence;;Figue de Provence;;Provence;FR;;;false;
Figuette du Tarn;;Figuette du Tarn;;Languedoc;FR;;;false;
Fin de siècle;;Fin de siècle;;Pays de Bray;FR;;;false;
Fium'Orbo;;Fium'Orbo;;Corse;FR;;;false;
Fleur bleue;;Fleur bleue;;vers Rambouillet,Île-de-France;FR;;;false;
Fontainebleau;https://fr.wikipedia.org/wiki/Fontainebleau_%28dessert%29;Fontainebleau;https://upload.wikimedia.org/wikipedia/commons/thumb/a/a6/Fontainebleau_avec_du_brownie.jpg/800px-Fontainebleau_avec_du_brownie.jpg;Seine-et-Marne;FR;cow;fresh-cheese;false;
Fontainebleau;https://fr.wikipedia.org/wiki/Fontainebleau_(fromage);Fontainebleau;https://upload.wikimedia.org/wikipedia/commons/thumb/a/a6/Fontainebleau_avec_du_brownie.jpg/800px-Fontainebleau_avec_du_brownie.jpg;Seine-et-Marne, Île-de-France;FR;cow;fresh-cheese;false;
Fort de Béthune;https://fr.wikipedia.org/wiki/Fort_de_B%C3%A9thune;Fort de Béthune;https://upload.wikimedia.org/wikipedia/commons/thumb/6/61/Fromage_fort_de_B%C3%A9thune.jpg/1280px-Fromage_fort_de_B%C3%A9thune.jpg;Pas-de-Calais;FR;cow;mixed-cheese;false;
Fouchtra de chèvre ou de vache;;Fouchtra de chèvre ou de vache;;Cantal;FR;;;false;
Foudjou;https://fr.wikipedia.org/wiki/Foudjou;Foudjou;;Ardèche et Drôme;FR;goat;mixed-cheese;false;
Fougerus;https://fr.wikipedia.org/wiki/Fougerus;Fougerus;https://upload.wikimedia.org/wikipedia/commons/thumb/e/e7/Wikicheese_-_Fougerus_-_20160123_-_001.jpg/1280px-Wikicheese_-_Fougerus_-_20160123_-_001.jpg;Brie;FR;cow;soft-ripened-cheese;false;
Fourmagée;https://fr.wikipedia.org/wiki/Fourmag%C3%A9e;Fourmagée;;Orne;FR;cow;mixed-cheese;false;
Fourme d'Ambert;https://fr.wikipedia.org/wiki/Fourme_d%27Ambert;Fourme d'Ambert;;Puy-de-Dôme;FR;cow;blue-cheese;true;1972
Fourme d'Asco;https://fr.wikipedia.org/wiki/Fourme_d%27Asco;Fourme d'Asco;;Corse;FR;sheep;fresh-cheese;false;
Fourme de Cantal;https://fr.wikipedia.org/wiki/Fourme_de_Cantal ;Fourme de Cantal;https://upload.wikimedia.org/wikipedia/commons/thumb/3/3c/Wikicheese-XX_-_Cantal_entre-deux_-_20180601_-_002.jpg/1280px-Wikicheese-XX_-_Cantal_entre-deux_-_20180601_-_002.jpg;Cantal;FR;cow;uncooked-pressed-cheese;false;
Fourme de Laguiole;https://fr.wikipedia.org/wiki/Fourme_de_Laguiole ;Fourme de Laguiole;https://upload.wikimedia.org/wikipedia/commons/thumb/7/74/Laguiole_%28fromage%29_01.jpg/1920px-Laguiole_%28fromage%29_01.jpg;Aubrac (Aveyron,Lozère);FR;cow;uncooked-pressed-cheese;false;
Fourme de Montbrison;https://fr.wikipedia.org/wiki/Fourme_de_Montbrison;Fourme de Montbrison;;Loire;FR;cow;blue-cheese;true;1972
Fourme de Rochefort;https://fr.wikipedia.org/wiki/Fourme_de_Rochefort ;Fourme de Rochefort;;Auvergne;FR;cow;uncooked-pressed-cheese;false;
Fourme de Roquefort;https://fr.wikipedia.org/wiki/Roquefort_(fromage);Fourme de Roquefort;https://upload.wikimedia.org/wikipedia/commons/thumb/3/39/Wikicheese_-_Roquefort_-_20150417_-_002.jpg/1920px-Wikicheese_-_Roquefort_-_20150417_-_002.jpg;Aveyron;FR;sheep;blue-cheese;false;
Fourme de Salers;https://fr.wikipedia.org/wiki/Salers_(fromage);Fourme de Salers;https://upload.wikimedia.org/wikipedia/commons/thumb/f/fc/Salers_%28fromage%29_01.jpg/1920px-Salers_%28fromage%29_01.jpg;Cantal;FR;cow;uncooked-pressed-cheese;false;
Fourme du Mézenc;https://fr.wikipedia.org/wiki/Bleu_d%27Auvergne;Fourme du Mézenc;https://upload.wikimedia.org/wikipedia/commons/thumb/0/0e/Bleu_d%27Auvergne_01.jpg/1920px-Bleu_d%27Auvergne_01.jpg;Auvergne;FR;cow;blue-cheese;false;
Fourme d'Yssingeaux;;Fourme d'Yssingeaux;;Haute-Loire;FR;;;false;
Frinault;https://fr.wikipedia.org/wiki/Frinault;Frinault;;Loiret;FR;cow;soft-ripened-cheese;false;
Fromage aux artisons;https://fr.wikipedia.org/wiki/Fromage_aux_artisons;Fromage aux artisons;https://upload.wikimedia.org/wikipedia/commons/thumb/f/f9/Fromage_aux_artisous_du_Velay.JPG/1024px-Fromage_aux_artisous_du_Velay.JPG;Haute-Loire;FR;cow;soft-ripened-cheese;false;
Fromage aux noix;https://fr.wikipedia.org/wiki/Fromage_aux_noix;Fromage aux noix;;Savoie;FR;cow;mixed-cheese;false;
Fromage d'Affinois;;Fromage d'Affinois;;Rhône-Alpes;FR;cow;soft-ripened-cheese;false;
Fromage d'Affinois Brebis;https://fr.wikipedia.org/wiki/Fromage_d%27Affinois ;Fromage d'Affinois Brebis;https://upload.wikimedia.org/wikipedia/commons/b/b8/Ambiance-double-creme_-_Wikip%C3%A9dia.jpg;;FR;sheep;soft-ripened-cheese;false;
Fromage d'Affinois Chèvre du Pilat;https://fr.wikipedia.org/wiki/Fromage_d%27Affinois ;Fromage d'Affinois Chèvre du Pilat;https://upload.wikimedia.org/wikipedia/commons/b/b8/Ambiance-double-creme_-_Wikip%C3%A9dia.jpg;;FR;goat;soft-ripened-cheese;false;
Fromage d'Affinois Florette;https://fr.wikipedia.org/wiki/Fromage_d%27Affinois ;Fromage d'Affinois Florette;https://upload.wikimedia.org/wikipedia/commons/b/b8/Ambiance-double-creme_-_Wikip%C3%A9dia.jpg;;FR;cow;soft-ripened-cheese;false;
Fromage d'Affinois Poivre;https://fr.wikipedia.org/wiki/Fromage_d%27Affinois ;Fromage d'Affinois Poivre;https://upload.wikimedia.org/wikipedia/commons/b/b8/Ambiance-double-creme_-_Wikip%C3%A9dia.jpg;;FR;cow;soft-ripened-cheese;false;
Fromage de Monsieur (ou Monsieur fromage) Calvados;;Fromage de Monsieur (ou Monsieur fromage) Calvados;;Basse-Normandie;FR;;;false;
Fromage de Pays;https://fr.wikipedia.org/wiki/Fromage_de_Pays;Fromage de Pays;;Auvergne;FR;cow;blue-cheese;false;
Fromage de Troyes;https://fr.wikipedia.org/wiki/Fromage_de_Troyes ;Fromage de Troyes;;Aube;FR;cow;soft-ripened-cheese;false;
Fromage de vache brûlé;;Fromage de vache brûlé;;Pyrénées-Atlantiques;FR;;;false;
Fromage des Plaines;https://fr.wikipedia.org/wiki/Fromage_des_Plaines;Fromage des Plaines;;Île de la Réunion;FR;cow;fresh-cheese;false;
Fromage des vignerons;;Fromage des vignerons;;Bourgogne;FR;;;false;
Fromage du curé;https://fr.wikipedia.org/wiki/Cur%C3%A9_nantais ;Fromage du curé;https://upload.wikimedia.org/wikipedia/commons/thumb/c/c3/Cur%C3%A9_nantais.JPG/1280px-Cur%C3%A9_nantais.JPG;Pays de Retz,Pays de la Loire;FR;cow;rind-washed-cheese;false;
Fromage du Laboureur;;Fromage du Laboureur;;Dauphiné;FR;;;false;
Fromage fermier de Corse;https://fr.wikipedia.org/wiki/Fromage_fermier_de_Corse;Fromage fermier de Corse;https://upload.wikimedia.org/wikipedia/commons/thumb/1/17/Fromage_Venachese-Luciani.jpg/1280px-Fromage_Venachese-Luciani.jpg;;FR;mix;soft-ripened-cheese;false;
Fromage fort de la Croix-Rousse;https://fr.wikipedia.org/wiki/Fromage_fort_de_la_Croix-Rousse;Fromage fort de la Croix-Rousse;https://upload.wikimedia.org/wikipedia/commons/e/ec/Fromage_fort_de_la_Croix-Rousse.jpg;Lyon;FR;mix;mixed-cheese;false;
Fumaillou (marque);;Fumaillou (marque);;Poitou;FR;;;false;
Gabietou;;Gabietou;;Pyrénées;FR;;;false;
Gabriel Coulet;https://fr.wikipedia.org/wiki/Gabriel_Coulet_%28marque%29;Gabriel Coulet;https://upload.wikimedia.org/wikipedia/commons/thumb/4/4c/Demi_Castelviel_Gabriel_Coulet.jpg/1280px-Demi_Castelviel_Gabriel_Coulet.jpg;Aveyron;FR;sheep;blue-cheese;false;
Galet de Bigorre;;Galet de Bigorre;;Hautes-Pyrénées;FR;;;false;
Galet solognot;;Galet solognot;;Centre;FR;;;false;
Gaperon;https://fr.wikipedia.org/wiki/Gaperon;Gaperon;;Auvergne;FR;cow;soft-ripened-cheese;false;
Gardian;;Gardian;;Bouches du Rhône;FR;;;false;
Gavot;;Gavot;;Alpes;FR;;;false;
Gaztanbera;https://fr.wikipedia.org/wiki/Gaztanbera;Gaztanbera;https://upload.wikimedia.org/wikipedia/commons/4/46/Urd%C4%83.png;Pyrénées-Atlantiques;FR;sheep;fresh-cheese;false;
Géromé;https://fr.wikipedia.org/wiki/Munster_(fromage);Géromé;https://upload.wikimedia.org/wikipedia/commons/thumb/2/23/Munster_01.jpg/1280px-Munster_01.jpg;Alsace-Lorraine;FR;cow;rind-washed-cheese;false;
Géromé anisé;https://fr.wikipedia.org/wiki/Munster_(fromage);Géromé anisé;https://upload.wikimedia.org/wikipedia/commons/thumb/2/23/Munster_01.jpg/1280px-Munster_01.jpg;Alsace-Lorraine;FR;cow;rind-washed-cheese;false;
Gouda français;https://fr.wikipedia.org/wiki/Gouda_fran%C3%A7ais;Gouda français;;Nord-Pas-de-Calais;FR;cow;uncooked-pressed-cheese;false;
Goudoulet;;Goudoulet;;Ardèche;FR;;;false;
Gourmelin;https://fr.wikipedia.org/wiki/Gourmelin_(fromage);Gourmelin;;Pays de la Loire;FR;cow;rind-washed-cheese;false;
Gournay affiné;https://fr.wikipedia.org/wiki/Gournay_affin%C3%A9;Gournay affiné;;Normandie;FR;cow;soft-ripened-cheese;false;
Gournay frais;https://fr.wikipedia.org/wiki/Gournay_frais;Gournay frais;;Normandie;FR;cow;fresh-cheese;false;
Goustal;;Goustal;;Aveyron;FR;;;false;
Goutte du Tarn-et-Garonne;;Goutte du Tarn-et-Garonne;;Agenais;FR;;;false;
Grand colombier des Aillons;;Grand colombier des Aillons;;Bauges;FR;;;false;
Grand Condé;;Grand Condé;;;FR;;;false;
Grand Montagnard;;Grand Montagnard;;Allier;FR;;;false;
Grand morin;;Grand morin;;Brie;FR;;;false;
Grand Tomachon;https://fr.wikipedia.org/wiki/Grand_Tomachon ;Grand Tomachon;;Bourbonnais, Allier;FR;cow;uncooked-pressed-cheese;false;
Grataron de Arèsches;https://fr.wikipedia.org/wiki/Grataron_du_Beaufortain;Grataron de Arèsches;;Savoie;FR;goat;rind-washed-cheese;false;
Grataron du Beaufortain;https://fr.wikipedia.org/wiki/Grataron_du_Beaufortain;Grataron du Beaufortain;;Savoie;FR;goat;rind-washed-cheese;false;
Gratte-Paille;https://fr.wikipedia.org/wiki/Gratte_Paille ;Gratte-Paille;;Champagne;FR;cow;soft-ripened-cheese;false;
Graval;https://fr.wikipedia.org/wiki/Graval_(fromage) ;Graval;;Normandie;FR;cow;soft-ripened-cheese;false;
Graviers du Guiers;;Graviers du Guiers;;Savoie;FR;;;false;
Greuil ou Breuil;;Greuil ou Breuil;;Béarn et Pays basque;FR;;;false;
Gris de Lille;https://fr.wikipedia.org/wiki/Gris_de_Lille ;Gris de Lille;https://upload.wikimedia.org/wikipedia/commons/thumb/6/66/Maroilles_%28cheese%29.jpg/1024px-Maroilles_%28cheese%29.jpg;,Flandre française,;FR;cow;rind-washed-cheese;false;
Gros lorrain;;Gros lorrain;;Lorraine;FR;;;false;
Gruyère;https://fr.wikipedia.org/wiki/Gruy%C3%A8re_fran%C3%A7ais;Gruyère;;Alpes françaises,Franche-Comté;FR;cow;cooked-pressed-cheese;false;
Guerbigny;;Guerbigny;;Somme;FR;;;false;
Herbillette;;Herbillette;;Vendée;FR;;;false;
Île d'Yeu;;Île d'Yeu;;Vendée;FR;;;false;
Jean de Brie;;Jean de Brie;;Île-de-France;FR;;;false;
Jefou;;Jefou;;Languedoc;FR;;;false;
Jersiais;;Jersiais;;Allier;FR;;;false;
Jonchée;https://fr.wikipedia.org/wiki/Jonch%C3%A9e_%28fromage%29;Jonchée;https://upload.wikimedia.org/wikipedia/commons/thumb/4/4a/Jonch%C3%A9e_au_lait_entier.jpg/800px-Jonch%C3%A9e_au_lait_entier.jpg;Charente-Maritime;FR;cow;fresh-cheese;false;
Jonchée d'Oléron;;Jonchée d'Oléron;;île d'Oléron;FR;;;false;
Julien;;Julien;;Nord;FR;;;false;
Kaïkou;https://fr.wikipedia.org/wiki/Ka%C3%AFkou;Kaïkou;;Pays basque;FR;sheep;cooked-pressed-cheese;false;
Kéron de l'Auxois;;Kéron de l'Auxois;;Bourgogne;FR;;;false;
Kidiboo;https://fr.wikipedia.org/wiki/Kidiboo;Kidiboo;https://upload.wikimedia.org/wikipedia/commons/2/2e/Ghost_front.png;Sud-Ouest;FR;cow;fresh-cheese;false;
Kiri;https://fr.wikipedia.org/wiki/Kiri_(marque_fromag%C3%A8re);Kiri;;Sarthe;FR;cow;mixed-cheese;false;
La Bourle du Mont des Cats;https://fr.wikipedia.org/wiki/Mont_des_Cats_(fromage) ;La Bourle du Mont des Cats;https://upload.wikimedia.org/wikipedia/commons/thumb/6/67/Mont_des_Cats_kaas.jpg/1280px-Mont_des_Cats_kaas.jpg;Nord-Pas-de-Calais;FR;cow;uncooked-pressed-cheese;false;
La Fournaise;https://fr.wikipedia.org/wiki/La_Fournaise_%28fromage%29;La Fournaise;;Réunion;FR;cow;cooked-pressed-cheese;false;
La Petite Raclette;https://fr.wikipedia.org/wiki/La_Petite_Raclette;La Petite Raclette;;Réunion;FR;cow;cooked-pressed-cheese;false;
La Pierre Dorée;https://fr.wikipedia.org/wiki/La_Pierre_Dor%C3%A9e;La Pierre Dorée;https://upload.wikimedia.org/wikipedia/commons/8/83/Pierre_doree.jpg;Rhône;FR;goat;soft-ripened-cheese;false;
La Vache qui rit;https://fr.wikipedia.org/wiki/La_Vache_qui_rit;La Vache qui rit;https://upload.wikimedia.org/wikipedia/fr/thumb/2/27/Logo_La_vache_qui_rit.svg/langfr-1280px-Logo_La_vache_qui_rit.svg.png;Jura;FR;cow;fresh-cheese;false;
Lacandou;;Lacandou;;Aveyron;FR;;;false;
Laguiole;https://fr.wikipedia.org/wiki/Laguiole_(fromage);Laguiole;;Aubrac (Aveyron,Lozère),Occitanie;FR;cow;uncooked-pressed-cheese;true;1961
L'Ami du Chambertin;https://fr.wikipedia.org/wiki/L%27Ami_du_Chambertin;L'Ami du Chambertin;https://upload.wikimedia.org/wikipedia/commons/thumb/9/9b/Ami_du_Chambertin.jpg/1280px-Ami_du_Chambertin.jpg;Côte-d'Or;FR;cow;rind-washed-cheese;false;
Langres;https://fr.wikipedia.org/wiki/Langres_(fromage);Langres;;Champagne-Ardenne;FR;cow;rind-washed-cheese;true;1991
Langrillon;;Langrillon;;Bourgogne;FR;;;false;
Lardu;;Lardu;;Bourgogne;FR;;;false;
Larron d'Ors;https://fr.wikipedia.org/wiki/Larron_d%27Ors;Larron d'Ors;;Cambrésis;FR;cow;rind-washed-cheese;false;
Lavort;https://fr.wikipedia.org/wiki/Lavort ;Lavort;;Auvergne;FR;sheep;uncooked-pressed-cheese;false;
Le Barbeillon;https://fr.wikipedia.org/wiki/Le_Barbeillon;Le Barbeillon;https://upload.wikimedia.org/wikipedia/commons/thumb/7/73/WikiCheese_-_T%C3%A9ton_de_Barbeillon_04.jpg/1280px-WikiCheese_-_T%C3%A9ton_de_Barbeillon_04.jpg;Loir-et-Cher;FR;goat;soft-ripened-cheese;false;
Le Belval;https://fr.wikipedia.org/wiki/Le_Belval;Le Belval;;Le Belval,Pas-de-Calais;FR;cow;cooked-pressed-cheese;false;
Le Bleu des Basques;https://fr.wikipedia.org/wiki/Le_Bleu_des_Basques;Le Bleu des Basques;;Pays basque;FR;sheep;blue-cheese;false;
Le Brebiou;https://fr.wikipedia.org/wiki/Le_Brebiou;Le Brebiou;;Béarn;FR;sheep;soft-ripened-cheese;false;
Le Brebis de Bersend;;Le Brebis de Bersend;;Savoie;FR;;;false;
Le Brebis du Lochois;;Le Brebis du Lochois;;Touraine;FR;;;false;
Le Brebis du pays de Grasse;;Le Brebis du pays de Grasse;;Provence;FR;;;false;
Le Délice du Chalet;https://fr.wikipedia.org/wiki/Le_D%C3%A9lice_du_Chalet;Le Délice du Chalet;;Allier;FR;cow;uncooked-pressed-cheese;false;
Le Gramat;;Le Gramat;;Lot;FR;;;false;
Le Sire de Créquy;https://fr.wikipedia.org/wiki/Le_Sire_de_Cr%C3%A9quy;Le Sire de Créquy;;Pas-de-Calais;FR;cow;rind-washed-cheese;false;
L'Écir;;L'Écir;;Commune de Curières;FR;;;false;
Leconet sec et frais;;Leconet sec et frais;;Corrèze;FR;;;false;
Lévejac;https://fr.wikipedia.org/wiki/L%C3%A9v%C3%A9jac_(fromage) ;Lévejac;;Languedoc;FR;sheep;uncooked-pressed-cheese;false;
Livarot;https://fr.wikipedia.org/wiki/Livarot_(fromage);Livarot;https://upload.wikimedia.org/wikipedia/commons/thumb/9/9a/Livarot_%28fromage%29_02.jpg/1920px-Livarot_%28fromage%29_02.jpg;Normandie;FR;cow;rind-washed-cheese;true;1975
Livernon;https://fr.wikipedia.org/wiki/Livernon_(fromage) ;Livernon;;Quercy;FR;goat;soft-ripened-cheese;false;
Lormes;https://fr.wikipedia.org/wiki/Lormes_(fromage);Lormes;;Bourgogne;FR;goat;soft-ripened-cheese;false;
Losange de Thiérarche;;Losange de Thiérarche;;Nord;FR;;;false;
Lossaba;;Lossaba;;Pays basque;FR;;;false;
Lou Cabrias;;Lou Cabrias;;Aveyron;FR;;;false;
Lou Magré;;Lou Magré;;Gers;FR;;;false;
Lou Pérac;https://fr.wikipedia.org/wiki/Lou_P%C3%A9rac;Lou Pérac;;Aveyron;FR;sheep;soft-ripened-cheese;false;
Lou peyrou;;Lou peyrou;;Cantal;FR;;;false;
Lusignan;;Lusignan;;Poitou;FR;;;false;
Machecoulais;;Machecoulais;;Loire Atlantique;FR;;;false;
Mâconnais;https://fr.wikipedia.org/wiki/M%C3%A2connais_(fromage);Mâconnais;;;FR;goat;soft-ripened-cheese;true;2005
Mamirollais;;Mamirollais;;Franche-Comté;FR;;;false;
Mamirolle;https://fr.wikipedia.org/wiki/Mamirolle_(fromage);Mamirolle;;Franche-Comté;FR;cow;uncooked-pressed-cheese;false;
Manicamp;https://fr.wikipedia.org/wiki/Manicamp_(fromage);Manicamp;https://upload.wikimedia.org/wikipedia/commons/thumb/6/69/WikiCheese_-_Manicamp_01.jpg/1280px-WikiCheese_-_Manicamp_01.jpg;Picardie;FR;cow;rind-washed-cheese;false;
Maroilles;https://fr.wikipedia.org/wiki/Maroilles_%28fromage%29;Maroilles;https://upload.wikimedia.org/wikipedia/commons/thumb/6/66/Maroilles_%28cheese%29.jpg/1024px-Maroilles_%28cheese%29.jpg;Picardie et Nord;FR;cow;rind-washed-cheese;true;1976
Maroilles Lesire;https://fr.wikipedia.org/wiki/Maroilles_(fromage);Maroilles Lesire;https://upload.wikimedia.org/wikipedia/commons/thumb/6/66/Maroilles_%28cheese%29.jpg/1024px-Maroilles_%28cheese%29.jpg;Nord-Pas-de-Calais;FR;cow;rind-washed-cheese;false;
Mascaré de Banon;;Mascaré de Banon;;Provence;FR;;;false;
Mélusine;;Mélusine;;Poitou;FR;;;false;
Metton;https://fr.wikipedia.org/wiki/Metton;Metton;https://upload.wikimedia.org/wikipedia/commons/thumb/1/18/Cancoillotte.JPG/1280px-Cancoillotte.JPG;Franche-Comté;FR;cow;mixed-cheese;false;
Mimolette;https://fr.wikipedia.org/wiki/Mimolette_vieille;Mimolette;;Flandre française, Pays de la Loire;FR;cow;uncooked-pressed-cheese;false;
Miromando;https://fr.wikipedia.org/wiki/Miromando;Miromando;https://upload.wikimedia.org/wikipedia/commons/thumb/9/90/Myrtilles_et_miromando.jpg/1280px-Myrtilles_et_miromando.jpg;Ardèche;FR;cow;mixed-cheese;false;
Mizotte;https://fr.wikipedia.org/wiki/Mizotte;Mizotte;;Vendée;FR;cow;rind-washed-cheese;false;
Moelleux du Revard;https://fr.wikipedia.org/wiki/Moelleux_du_Revard;Moelleux du Revard;;Savoie;FR;cow;rind-washed-cheese;false;
Mont Bébour;https://fr.wikipedia.org/wiki/Mont_B%C3%A9bour;Mont Bébour;;Réunion;FR;cow;soft-ripened-cheese;false;
Mont des Cats;https://fr.wikipedia.org/wiki/Mont_des_Cats_(fromage) ;Mont des Cats;;,Flandre française,;FR;cow;uncooked-pressed-cheese;false;
Mont des Cats;https://fr.wikipedia.org/wiki/Mont_des_Cats_(marque_de_fromage);Mont des Cats;;Nord;FR;cow;uncooked-pressed-cheese;false;
Mont d'Or;https://fr.wikipedia.org/wiki/Mont_d%27Or_(fromage);Mont d'Or;https://upload.wikimedia.org/wikipedia/commons/4/44/Vacherin_du_haut_Doubs.jpg;Haut-Doubs;FR;cow;rind-washed-cheese;true;1981
Mont d'or du lyonnais;;Mont d'or du lyonnais;;Rhône;FR;;;false;
Montatimu;;Montatimu;;Corse;FR;;;false;
Montbriac;https://fr.wikipedia.org/wiki/Montbriac;Montbriac;;Haute-Loire;FR;cow;blue-cheese;false;
Montoire;;Montoire;;Loir-et-Cher;FR;;;false;
Montrachet;https://fr.wikipedia.org/wiki/Montrachet_%28marque%29;Montrachet;;Saône-et-Loire;FR;goat;soft-ripened-cheese;false;
Monts de Lacaune;;Monts de Lacaune;;Tarn;FR;;;false;
Montsalvy petit et grand;;Montsalvy petit et grand;;Cantal;FR;;;false;
Montségur;https://fr.wikipedia.org/wiki/Montségur_%28fromage%29;Montségur;;Ariège;FR;cow;uncooked-pressed-cheese;false;
Montségur au lait de brebis;https://fr.wikipedia.org/wiki/Monts%C3%A9gur_au_lait_de_brebis ;Montségur au lait de brebis;;Saint-Lizier, Ariège;FR;sheep;uncooked-pressed-cheese;false;
Montségur au lait de chèvre;https://fr.wikipedia.org/wiki/Monts%C3%A9gur_au_lait_de_ch%C3%A8vre ;Montségur au lait de chèvre;;Saint-Lizier, Ariège;FR;goat;uncooked-pressed-cheese;false;
Morbier;https://fr.wikipedia.org/wiki/Morbier_(fromage);Morbier;;Franche-Comté;FR;cow;uncooked-pressed-cheese;true;2000
Morbier fermier;;Morbier fermier;;Jura;FR;;;false;
Morvan;;Morvan;;Bourgogne;FR;;;false;
Mothais sur feuille;https://fr.wikipedia.org/wiki/Mothais_sur_feuille;Mothais sur feuille;https://upload.wikimedia.org/wikipedia/commons/thumb/e/ed/Mothais_sur_feuille.jpg/1280px-Mothais_sur_feuille.jpg;Poitou;FR;goat;soft-ripened-cheese;false;
Mothe Saint-Héray;;Mothe Saint-Héray;;Poitou;FR;;;false;
Mothe-Bougon;;Mothe-Bougon;;Poitou;FR;;;false;
Mottin charentais;https://fr.wikipedia.org/wiki/Mottin_charentais;Mottin charentais;;Vienne;FR;cow;soft-ripened-cheese;false;
Mouflon;;Mouflon;;Corse;FR;;;false;
Moularen;;Moularen;;Alpes de Haute-Provence;FR;;;false;
Moulin de Gaye;https://fr.wikipedia.org/wiki/Moulin_de_Gaye;Moulin de Gaye;;Normandie;FR;cow;soft-ripened-cheese;false;
Moulis;https://fr.wikipedia.org/wiki/Moulis_%28fromage%29;Moulis;;Midi-Pyrénées;FR;sheep;uncooked-pressed-cheese;false;
Moulis pur brebis;https://fr.wikipedia.org/wiki/Moulis_(fromage) ;Moulis pur brebis;https://upload.wikimedia.org/wikipedia/commons/thumb/4/40/Le_Moulis_-_Vache-Brebis_-_Coupe2.jpg/1280px-Le_Moulis_-_Vache-Brebis_-_Coupe2.jpg;;FR;sheep;uncooked-pressed-cheese;false;
Moulis pur chèvre;https://fr.wikipedia.org/wiki/Moulis_(fromage) ;Moulis pur chèvre;https://upload.wikimedia.org/wikipedia/commons/thumb/4/40/Le_Moulis_-_Vache-Brebis_-_Coupe2.jpg/1280px-Le_Moulis_-_Vache-Brebis_-_Coupe2.jpg;;FR;goat;uncooked-pressed-cheese;false;
Moulis vache;https://fr.wikipedia.org/wiki/Moulis_(fromage) ;Moulis vache;https://upload.wikimedia.org/wikipedia/commons/thumb/4/40/Le_Moulis_-_Vache-Brebis_-_Coupe2.jpg/1280px-Le_Moulis_-_Vache-Brebis_-_Coupe2.jpg;;FR;cow;uncooked-pressed-cheese;false;
Moulis vache tommette;https://fr.wikipedia.org/wiki/Moulis_(fromage) ;Moulis vache tommette;https://upload.wikimedia.org/wikipedia/commons/thumb/4/40/Le_Moulis_-_Vache-Brebis_-_Coupe2.jpg/1280px-Le_Moulis_-_Vache-Brebis_-_Coupe2.jpg;;FR;cow;uncooked-pressed-cheese;false;
Mousseron;;Mousseron;;Haut-Jura;FR;;;false;
Munster;https://fr.wikipedia.org/wiki/Munster_(fromage);Munster;;Lorraine;FR;cow;rind-washed-cheese;true;1969
Munster fermier;;Munster fermier;;Alsac;FR;;;false;
Munster Géromé;https://fr.wikipedia.org/wiki/Munster_(fromage);Munster Géromé;https://upload.wikimedia.org/wikipedia/commons/thumb/2/23/Munster_01.jpg/1280px-Munster_01.jpg;Lorraine;FR;cow;rind-washed-cheese;false;
Murol du Grand Bérioux;https://fr.wikipedia.org/wiki/Murol_du_Grand_B%C3%A9rioux;Murol du Grand Bérioux;https://upload.wikimedia.org/wikipedia/commons/thumb/c/c3/WikiCheese_-_Murol_du_Grand_B%C3%A9rioux_-_20150619_-_001.jpg/1920px-WikiCheese_-_Murol_du_Grand_B%C3%A9rioux_-_20150619_-_001.jpg;Auvergne;FR;cow;uncooked-pressed-cheese;false;
Murolait;https://fr.wikipedia.org/wiki/Murol_du_Grand_B%C3%A9rioux;Murolait;https://upload.wikimedia.org/wikipedia/commons/thumb/c/c3/WikiCheese_-_Murol_du_Grand_B%C3%A9rioux_-_20150619_-_001.jpg/1920px-WikiCheese_-_Murol_du_Grand_B%C3%A9rioux_-_20150619_-_001.jpg;Auvergne;FR;cow;uncooked-pressed-cheese;false;
Muvrinu;;Muvrinu;;Corse;FR;;;false;
Nanteau;;Nanteau;;Gâtinais, Île-de-France;FR;;;false;
Napoléon;;Napoléon;;Corse;FR;;;false;
Napoléon commingeois fermier;;Napoléon commingeois fermier;;Ariège et Comminges;FR;;;false;
Neufchâtel;https://fr.wikipedia.org/wiki/Neufch%C3%A2tel_(fromage);Neufchâtel;;Normandie;FR;cow;soft-ripened-cheese;true;1969
Niolo;https://fr.wikipedia.org/wiki/Niolo_(fromage);Niolo;https://upload.wikimedia.org/wikipedia/commons/thumb/0/01/Fromage_du_Niolu.jpg/1280px-Fromage_du_Niolu.jpg;Corse;FR;sheep;rind-washed-cheese;false;
Notre Dame de la Paix;https://fr.wikipedia.org/wiki/Notre_Dame_de_la_Paix;Notre Dame de la Paix;;Réunion;FR;cow;soft-ripened-cheese;false;
Oléron;;Oléron;;île d'Oléron;FR;;;false;
Olivet;https://fr.wikipedia.org/wiki/Olivet_(fromage);Olivet;;Centre;FR;cow;rind-washed-cheese;false;
Ortolan;;Ortolan;;Franche-Comté;FR;;;false;
Ossau-iraty;https://fr.wikipedia.org/wiki/Ossau-iraty ;Ossau-iraty;;Pyrénées Atlantiques et Hautes-Pyrénées;FR;sheep;uncooked-pressed-cheese;true;1980
Ovalie;https://fr.wikipedia.org/wiki/Ovalie_(fromage) ;Ovalie;;Corrèze;FR;sheep;soft-ripened-cheese;false;
Paillé de Bourgogne;;Paillé de Bourgogne;;;FR;;;false;
Paillou;;Paillou;;Bourgogne;FR;;;false;
Palet de Bourgogne;;Palet de Bourgogne;;;FR;;;false;
Palet de chèvre;;Palet de chèvre;;Rambouillet,Île-de-France;FR;;;false;
Palet de vache;https://fr.wikipedia.org/wiki/Palet_de_vache;Palet de vache;;;FR;cow;soft-ripened-cheese;false;
Palet du Poitou;;Palet du Poitou;;;FR;;;false;
Palouse des Aravis;;Palouse des Aravis;;Haute-Savoie;FR;;;false;
Pamproux;;Pamproux;;Poitou;FR;;;false;
Pannes cendré;https://fr.wikipedia.org/wiki/Pannes_cendr%C3%A9;Pannes cendré;;Loiret;FR;cow;soft-ripened-cheese;false;
Parthenay;;Parthenay;;Poitou;FR;;;false;
Patay;https://fr.wikipedia.org/wiki/Patay_%28fromage%29;Patay;;Loiret;FR;cow;soft-ripened-cheese;false;
Pâtefine fort;;Pâtefine fort;;Isère;FR;;;false;
Pâtichon de Châtillon;;Pâtichon de Châtillon;;Centre Val de Loire;FR;;;false;
Pavé aux algues;;Pavé aux algues;;Nord-Pas-de-Calais;FR;;;false;
Pavé aux Algues de Samer;https://fr.wikipedia.org/wiki/Pav%C3%A9_aux_Algues_de_Samer;Pavé aux Algues de Samer;;Pas-de-Calais;FR;cow;rind-washed-cheese;false;
Pavé beauceron;;Pavé beauceron;;Centre Val de Loire;FR;;;false;
Pavé corrézien;https://fr.wikipedia.org/wiki/Pav%C3%A9_corr%C3%A9zien;Pavé corrézien;;Corrèze;FR;cow;uncooked-pressed-cheese;false;
Pavé d'Affinois;https://fr.wikipedia.org/wiki/Pav%C3%A9_d%27Affinois ;Pavé d'Affinois;https://upload.wikimedia.org/wikipedia/commons/b/b8/Ambiance-double-creme_-_Wikip%C3%A9dia.jpg;Loire;FR;mix;soft-ripened-cheese;false;
Pavé d'Auge;https://fr.wikipedia.org/wiki/Pav%C3%A9_d%27Auge;Pavé d'Auge;;Normandie;FR;cow;rind-washed-cheese;false;
Pavé de Roubaix;;Pavé de Roubaix;;Nord;FR;;;false;
Pavé du Gois;;Pavé du Gois;;Loire Atlantique;FR;;;false;
Pavé du Nord;;Pavé du Nord;;Nord;FR;;;false;
Pavé du Plessis;https://fr.wikipedia.org/wiki/Pavé_du_Plessis;Pavé du Plessis;;Eure;FR;cow;rind-washed-cheese;false;
Pavé du Poitou;;Pavé du Poitou;;Poitou;FR;;;false;
Pavé fermier à l'échalote;;Pavé fermier à l'échalote;;Nord Pas-de-Calais;FR;;;false;
Pavin;https://fr.wikipedia.org/wiki/Pavin_%28fromage%29;Pavin;https://upload.wikimedia.org/wikipedia/commons/thumb/d/dc/Wikicheese_-_Pavin_-_20150417_-_006.jpg/260px-Wikicheese_-_Pavin_-_20150417_-_006.jpg;Puy-de-Dôme;FR;cow;rind-washed-cheese;false;
Pèbre d'aï;;Pèbre d'aï;;Provence;FR;;;false;
Pélardon;https://fr.wikipedia.org/wiki/P%C3%A9lardon;Pélardon;;;FR;goat;soft-ripened-cheese;true;2000
Pélardon d'Altier;https://fr.wikipedia.org/wiki/P%C3%A9lardon_des_C%C3%A9vennes ;Pélardon d'Altier;https://upload.wikimedia.org/wikipedia/commons/thumb/e/ed/P%C3%A9lardon_02.jpg/1920px-P%C3%A9lardon_02.jpg;Altier;FR;goat;soft-ripened-cheese;false;
Pélardon d'Anduze;https://fr.wikipedia.org/wiki/P%C3%A9lardon_des_C%C3%A9vennes ;Pélardon d'Anduze;https://upload.wikimedia.org/wikipedia/commons/thumb/e/ed/P%C3%A9lardon_02.jpg/1920px-P%C3%A9lardon_02.jpg;Anduze;FR;goat;soft-ripened-cheese;false;
Pélardon des Cévennes;https://fr.wikipedia.org/wiki/P%C3%A9lardon_des_C%C3%A9vennes ;Pélardon des Cévennes;https://upload.wikimedia.org/wikipedia/commons/thumb/e/ed/P%C3%A9lardon_02.jpg/1920px-P%C3%A9lardon_02.jpg;Cévennes;FR;goat;soft-ripened-cheese;false;
Pérail;https://fr.wikipedia.org/wiki/P%C3%A9rail;Pérail;;Causses et vallées de l'Aveyron;FR;sheep;soft-ripened-cheese;false;
Pérassu;https://fr.wikipedia.org/wiki/P%C3%A9rassu;Pérassu;;Haut-Jura;FR;cow;blue-cheese;false;
Périssellois;;Périssellois;;Puy de Dôme;FR;;;false;
Persapin;;Persapin;;Savoie;FR;;;false;
Persillé de la Tarentaise;;Persillé de la Tarentaise;;Savoie;FR;;;false;
Persillé de Tignes;https://fr.wikipedia.org/wiki/Persillé_de_Tignes;Persillé de Tignes;;Savoie;FR;goat;blue-cheese;false;
Persillé des Aravis;https://fr.wikipedia.org/wiki/Persill%C3%A9_des_Aravis;Persillé des Aravis;;Haute-Savoie;FR;goat;blue-cheese;false;
Persillé du Beaujolais;;Persillé du Beaujolais;;Rhône;FR;;;false;
Persillé du col Bayard;https://fr.wikipedia.org/wiki/Persill%C3%A9_du_col_Bayard;Persillé du col Bayard;;Hautes-Alpes;FR;cow;blue-cheese;false;
Persillé du Malzieu;https://fr.wikipedia.org/wiki/Persill%C3%A9_du_Malzieu;Persillé du Malzieu;;Lozère;FR;sheep;blue-cheese;false;
Persillé du Mont-Cenis;https://fr.wikipedia.org/wiki/Persill%C3%A9_du_Mont-Cenis;Persillé du Mont-Cenis;;Savoie;FR;goat;blue-cheese;false;
Persillé du Semnoz;;Persillé du Semnoz;;Haute-Savoie;FR;;;false;
Pesto corsu;;Pesto corsu;;Corse;FR;;;false;
Pétafine;https://fr.wikipedia.org/wiki/P%C3%A9tafine;Pétafine;;Drôme;FR;goat;mixed-cheese;false;
Petit bayard;;Petit bayard;;Provence;FR;;;false;
Petit beaujolais;;Petit beaujolais;;Rhône;FR;;;false;
Petit Billy;https://fr.wikipedia.org/wiki/Petit_Billy;Petit Billy;;Ille-et-Vilaine;FR;goat;fresh-cheese;false;
Petit chèvre;;Petit chèvre;;;FR;;;false;
Petit chèvre au piment d'Espelette;;Petit chèvre au piment d'Espelette;;;FR;;;false;
Petit chèvre au romarin;;Petit chèvre au romarin;;;FR;;;false;
Petit chèvre fermier d'Île-de-France;;Petit chèvre fermier d'Île-de-France;;Yvelines et Val-d'Oise;FR;;;false;
Petit Gaugry;https://fr.wikipedia.org/wiki/Petit_Gaugry;Petit Gaugry;;Côte-d'Or;FR;cow;rind-washed-cheese;false;
Petit moka;https://fr.wikipedia.org/wiki/Petit_moka;Petit moka;;Réunion;FR;cow;uncooked-pressed-cheese;false;
Petit pardou;;Petit pardou;;Hautes-Pyrénées;FR;;;false;
Petit Quercy;;Petit Quercy;;Quercy;FR;;;false;
Petit Trôo;https://fr.wikipedia.org/wiki/Le_Petit_Tr%C3%B4o;Petit Trôo;;Loir-et-Cher;FR;cow;soft-ripened-cheese;false;
Petit-suisse;https://fr.wikipedia.org/wiki/Petit-suisse;Petit-suisse;https://upload.wikimedia.org/wikipedia/commons/thumb/a/af/Petit-suisse_assiette.jpg/1280px-Petit-suisse_assiette.jpg;Normandie;FR;cow;fresh-cheese;false;
Phébus;;Phébus;;Ariège;FR;;;false;
Pic de Bigorre;;Pic de Bigorre;;Bigorre;FR;;;false;
Pic du Vieux Chaillol;https://fr.wikipedia.org/wiki/Pic_du_Vieux_Chaillol_(fromage) ;Pic du Vieux Chaillol;;Hautes-Alpes;FR;cow;soft-ripened-cheese;false;
Picadou;;Picadou;;Quercy;FR;;;false;
Picodon;https://fr.wikipedia.org/wiki/Picodon;Picodon;;Drôme, Vaucluse et Gard;FR;goat;soft-ripened-cheese;true;1991
Pié d'Angloys;;Pié d'Angloys;;Bourgogne;FR;;;false;
Pierre dorée;https://fr.wikipedia.org/wiki/Pierre_dor%C3%A9e ;Pierre dorée;https://upload.wikimedia.org/wikipedia/commons/8/83/Pierre_doree.jpg;Beaujolais;FR;mix;soft-ripened-cheese;false;
Pigouille;;Pigouille;;Poitou;FR;;;false;
P'it saint-faron;;P'it saint-faron;;pays briard,Île-de-France;FR;;;false;
Pithiviers;https://fr.wikipedia.org/wiki/Pithiviers_au_foin;Pithiviers;;Loiret;FR;cow;soft-ripened-cheese;false;
Piton des Neiges;https://fr.wikipedia.org/wiki/Piton_des_Neiges_%28fromage%29;Piton des Neiges;;Réunion;FR;cow;cooked-pressed-cheese;false;
Piton Maïdo;https://fr.wikipedia.org/wiki/Piton_Ma%C3%AFdo_%28fromage%29;Piton Maïdo;;Réunion;FR;cow;uncooked-pressed-cheese;false;
Plaisir au Chablis;;Plaisir au Chablis;;Côte d'Or;FR;;;false;
Poiset au marc;;Poiset au marc;;Bourgogne;FR;;;false;
Poivre d'âne;https://fr.wikipedia.org/wiki/Poivre_d%27%C3%A2ne;Poivre d'âne;https://upload.wikimedia.org/wikipedia/commons/thumb/f/f9/Poivre_d%27ane_et_AOC_Ventoux.jpg/800px-Poivre_d%27ane_et_AOC_Ventoux.jpg;Provence;FR;mix;soft-ripened-cheese;false;
Pont-l'évêque;https://fr.wikipedia.org/wiki/Pont-l%27%C3%A9v%C3%AAque_(fromage) ;Pont-l'évêque;;Calvados;FR;cow;rind-washed-cheese;true;1972
Port-Salut;;Port-Salut;;;FR;cow;uncooked-pressed-cheese;false;
Port-Salut;https://fr.wikipedia.org/wiki/Port-Salut_(marque_fromag%C3%A8re);Port-Salut;;Mayenne;FR;cow;uncooked-pressed-cheese;false;
Pouligny-saint-pierre;https://fr.wikipedia.org/wiki/Pouligny-saint-pierre_(fromage) ;Pouligny-saint-pierre;;Berry, Val de Loire, Région Centre;FR;goat;soft-ripened-cheese;true;1972
Pourly;;Pourly;;Auxerrois;FR;;;false;
Pourri bressan;https://fr.wikipedia.org/wiki/Pourri_bressan;Pourri bressan;;Ain;FR;cow;mixed-cheese;false;
Prestige de Bourgogne;;Prestige de Bourgogne;;Bourgogne;FR;;;false;
Provence;;Provence;;Délice de Provence;FR;;;false;
P'tit Basque;https://fr.wikipedia.org/wiki/P%27tit_Basque;P'tit Basque;;Pays basque;FR;sheep;uncooked-pressed-cheese;false;
Pur Brebis de l'Abbaye de Belloc;https://fr.wikipedia.org/wiki/Pur_Brebis_de_l%27Abbaye_de_Belloc;Pur Brebis de l'Abbaye de Belloc;https://upload.wikimedia.org/wikipedia/commons/1/1f/Marque_de_fromage_Pur_Brebis_de_l%27Abbaye_de_Belloc_.jpg;Pyrénées-Atlantiques;FR;sheep;uncooked-pressed-cheese;false;
Pyramide;;Pyramide;;Centre Val de Loire;FR;;;false;
Pyramide cendrée;;Pyramide cendrée;;Poitou;FR;;;false;
Raclette;https://fr.wikipedia.org/wiki/Raclette_(fromage);Raclette;;Bretagne, Rhône-Alpes;FR;cow;cooked-pressed-cheese;false;
Raclette de Savoie;https://fr.wikipedia.org/wiki/Raclette_(fromage);Raclette de Savoie;https://upload.wikimedia.org/wikipedia/commons/thumb/f/f9/Raclette_%286300310978%29.jpg/1280px-Raclette_%286300310978%29.jpg;Savoie;FR;cow;uncooked-pressed-cheese;false;
Racotin;;Racotin;;Bourgogne;FR;;;false;
Ramequin;https://fr.wikipedia.org/wiki/Ramequin_(fromage);Ramequin;;Rhône-Alpes;FR;cow;rind-washed-cheese;false;
Rebarbe;https://fr.wikipedia.org/wiki/Rebarbe;Rebarbe;;Lozère;FR;sheep;stretched-curd-cheese;false;
Reblochon;https://fr.wikipedia.org/wiki/Reblochon;Reblochon;;Haute-Savoie et Savoie;FR;cow;uncooked-pressed-cheese;true;1958
Reblochon fermier;https://fr.wikipedia.org/wiki/Reblochon;Reblochon fermier;https://upload.wikimedia.org/wikipedia/commons/thumb/4/4a/Reblochon_11.jpg/1280px-Reblochon_11.jpg;Canton de Thônes,Rhône-Alpes;FR;cow;uncooked-pressed-cheese;false;
Recuite;https://fr.wikipedia.org/wiki/Recuite;Recuite;;Aveyron;FR;sheep;fresh-cheese;false;
Régal de Bourgogne;;Régal de Bourgogne;;Bourgogne;FR;;;false;
Régal des moines;;Régal des moines;;Bourgogne;FR;;;false;
Rhum de cœur;;Rhum de cœur;;Pas-de-Calais;FR;;;false;
Rigotte;;Rigotte;;Rhône-Alpes;FR;;;false;
Rigotte de Condrieu;https://fr.wikipedia.org/wiki/Rigotte_de_Condrieu;Rigotte de Condrieu;;Rhône;FR;goat;soft-ripened-cheese;true;2009
Rigotte de Pélussin;https://fr.wikipedia.org/wiki/Rigotte_de_P%C3%A9lussin;Rigotte de Pélussin;;Loire;FR;goat;soft-ripened-cheese;false;
Rigotte de Sainte-Colombe;;Rigotte de Sainte-Colombe;;Savoie;FR;;;false;
Rigotte d'Échalas;;Rigotte d'Échalas;;Rhône-Alpes;FR;;;false;
Rigotte des Alpes;;Rigotte des Alpes;;Rhône-Alpes;FR;;;false;
Rigotte du Troyet;;Rigotte du Troyet;;Loire;FR;;;false;
Rocamadour;https://fr.wikipedia.org/wiki/Rocamadour_(fromage);Rocamadour;;Périgord et Quercy;FR;goat;soft-ripened-cheese;true;1996
Rochebaron;https://fr.wikipedia.org/wiki/Rochebaron;Rochebaron;;Auvergne;FR;cow;blue-cheese;false;
Rocher Nantais;;Rocher Nantais;;Loire Atlantique;FR;;;false;
Rocroi;https://fr.wikipedia.org/wiki/Rocroi_(fromage);Rocroi;;Ardennes;FR;cow;soft-ripened-cheese;false;
Rodez;;Rodez;;Aveyron;FR;;cooked-pressed-cheese;false;
Rogallais;https://fr.wikipedia.org/wiki/Rogallais ;Rogallais;;Ariège;FR;cow;uncooked-pressed-cheese;false;
Rogeret de Lamastre;;Rogeret de Lamastre;;Ardèche;FR;;;false;
Rogeret des Cévennes;https://fr.wikipedia.org/wiki/Rogeret_des_C%C3%A9vennes;Rogeret des Cévennes;;Gard;FR;goat;soft-ripened-cheese;false;
Rogerets;;Rogerets;;;FR;;;false;
Rollot;https://fr.wikipedia.org/wiki/Rollot_(fromage);Rollot;;Picardie;FR;cow;rind-washed-cheese;false;
Rond;;Rond;;;FR;;;false;
Rond de Lusignan;;Rond de Lusignan;;Poitou;FR;;;false;
Rond pis;;Rond pis;;Bourgogne;FR;;;false;
Ronde de Gâtine;;Ronde de Gâtine;;Poitou;FR;;;false;
Roquefort;https://fr.wikipedia.org/wiki/Roquefort_(fromage);Roquefort;;Causses et vallées de l'Aveyron;FR;sheep;blue-cheese;true;1925
Rosace de Reims;;Rosace de Reims;;Champagne-Ardenne;FR;;;false;
Rotondo;;Rotondo;;Corse;FR;;;false;
Rouchi à l'échalote;https://fr.wikipedia.org/wiki/Le_Rouchi_%C3%A0_l%27%C3%A9chalote;Rouchi à l'échalote;;Nord;FR;cow;rind-washed-cheese;false;
Roucoulons;;Roucoulons;;Haute-Saône;FR;;;false;
Roue de Ris;https://fr.wikipedia.org/wiki/Roue_de_Ris;Roue de Ris;;Puy-de-Dôme;FR;sheep;uncooked-pressed-cheese;false;
Rouelle;https://fr.wikipedia.org/wiki/Rouelle_(marque_fromag%C3%A8re);Rouelle;https://upload.wikimedia.org/wikipedia/commons/6/69/Rouelle_cendr%C3%A9e.jpg;Languedoc;FR;goat;soft-ripened-cheese;false;
Rouleau de Beaulieu;;Rouleau de Beaulieu;;Ardèche;FR;;;false;
Rove de Provence;;Rove de Provence;;;FR;;;false;
Ruffec;;Ruffec;;Poitou;FR;;;false;
Rustique;https://fr.wikipedia.org/wiki/Le_Rustique;Rustique;;Orne;FR;cow;soft-ripened-cheese;false;
Sablé de Wissant;;Sablé de Wissant;;Pas-de-Calais;FR;;;false;
Sableau;;Sableau;;Poitou;FR;;;false;
Saint Agur;https://fr.wikipedia.org/wiki/Saint_Agur;Saint Agur;;Haute-Loire;FR;cow;blue-cheese;false;
Saint Albray;https://fr.wikipedia.org/wiki/Saint_Albray;Saint Albray;;Pyrénées Atlantiques;FR;cow;soft-ripened-cheese;false;
Saint André;;Saint André;;Aveyron;FR;;soft-ripened-cheese;false;
Saint Nicolas;;Saint Nicolas;;Languedoc;FR;;;false;
Saint-algue;;Saint-algue;;Nord;FR;;;false;
Sainte-maure-de-touraine;https://fr.wikipedia.org/wiki/Sainte-maure-de-touraine_(fromage) ;Sainte-maure-de-touraine;;Touraine;FR;goat;soft-ripened-cheese;true;1990
Saint-félicien;https://fr.wikipedia.org/wiki/Saint-f%C3%A9licien_(fromage_du_Dauphin%C3%A9);Saint-félicien;;Dauphiné ou Ardèche;FR;cow;soft-ripened-cheese;false;
Saint-florentin;https://fr.wikipedia.org/wiki/Saint-florentin_(fromage);Saint-florentin;;Yonne;FR;cow;rind-washed-cheese;false;
Saint-foin;;Saint-foin;;vers Rambouillet,Île-de-France;FR;;;false;
Saint-gelais;;Saint-gelais;;Poitou;FR;;;false;
Saint-gildas-des-bois;https://fr.wikipedia.org/wiki/Saint-gildas-des-bois_(fromage);Saint-gildas-des-bois;;Loire-Atlantique;FR;cow;soft-ripened-cheese;false;
Saint-julien;;Saint-julien;;Haute-Loire;FR;;;false;
Saint-just;;Saint-just;;Dauphiné;FR;;;false;
Saint-laurent;https://fr.wikipedia.org/wiki/Saint-laurent_(fromage);Saint-laurent;;Hautes-Alpes;FR;cow;soft-ripened-cheese;false;
Saint-marcellin;https://fr.wikipedia.org/wiki/Saint-marcellin_(fromage) ;Saint-marcellin;https://upload.wikimedia.org/wikipedia/commons/thumb/1/1b/Wikicheese_-_Saint-marcellin_-_20150417_-_010.jpg/1280px-Wikicheese_-_Saint-marcellin_-_20150417_-_010.jpg;Dauphiné;FR;cow;soft-ripened-cheese;false;
Saint-nectaire;https://fr.wikipedia.org/wiki/Saint-nectaire_(fromage) ;Saint-nectaire;;Puy-de-Dôme et Cantal;FR;cow;uncooked-pressed-cheese;true;1955
Saint-nectaire fermier;;Saint-nectaire fermier;;;FR;;;false;
Saint-nectaire laitier;;Saint-nectaire laitier;;;FR;;;false;
Saint-paulin;https://fr.wikipedia.org/wiki/Saint-paulin_(fromage) ;Saint-paulin;https://upload.wikimedia.org/wikipedia/commons/thumb/4/43/StPaulin.jpg/260px-StPaulin.jpg;Normandie,Nord-Pas-de-Calais et la Réunion;FR;cow;uncooked-pressed-cheese;false;
Saint-pierre;;Saint-pierre;;Limousin;FR;;;false;
Saint-rémois;https://fr.wikipedia.org/wiki/Saint-r%C3%A9mois ;Saint-rémois;;Provence;FR;goat;soft-ripened-cheese;false;
Saint-rémy;;Saint-rémy;;Vosges;FR;;;false;
Saint-siméon;;Saint-siméon;;pays briard,Île-de-France;FR;;;false;
Saint-staib;;Saint-staib;;Lyonnais;FR;;;false;
Saint-winoc;;Saint-winoc;;Nord;FR;;;false;
Salers;https://fr.wikipedia.org/wiki/Salers_(fromage);Salers;;Cantal;FR;cow;uncooked-pressed-cheese;true;1961
San Carlu;;San Carlu;;Corse;FR;;;false;
San Petrone;;San Petrone;;Corse;FR;;;false;
Sancerre;https://fr.wikipedia.org/wiki/Cr%C3%A9zancy-sancerre;Sancerre;;Sologne;FR;goat;soft-ripened-cheese;false;
Santranges-sancerre;;Santranges-sancerre;;Centre;FR;goat;soft-ripened-cheese;false;
Sarasson;https://fr.wikipedia.org/wiki/Sarasson;Sarasson;https://upload.wikimedia.org/wikipedia/commons/thumb/6/60/Sarasson_nature.jpg/1280px-Sarasson_nature.jpg;Rhône-Alpes;FR;mix;mixed-cheese;false;
Sartinese;https://fr.wikipedia.org/wiki/Sartinese ;Sartinese;https://upload.wikimedia.org/wikipedia/commons/thumb/1/1f/Fromage_de_Sart%C3%A8ne.jpg/1280px-Fromage_de_Sart%C3%A8ne.jpg;Corse-du-Sud;FR;mix;uncooked-pressed-cheese;false;
Saulxurois;;Saulxurois;;Champagne-Ardenne;FR;;;false;
Savaron;https://fr.wikipedia.org/wiki/Savaron_(fromage);Savaron;;Auvergne;FR;cow;uncooked-pressed-cheese;false;
Séchou;;Séchou;;Dauphiné;FR;;;false;
Segalou;;Segalou;;Midi-Pyrénées;FR;;;false;
Selles-sur-cher;https://fr.wikipedia.org/wiki/Selles-sur-cher;Selles-sur-cher;;Centre-Val-de-Loire;FR;goat;soft-ripened-cheese;true;1975
Sérac;https://fr.wikipedia.org/wiki/S%C3%A9rac_(fromage);Sérac;https://upload.wikimedia.org/wikipedia/commons/thumb/a/aa/Fromage_s%C3%A9rac.jpg/1280px-Fromage_s%C3%A9rac.jpg;Savoie;FR;mix;fresh-cheese;false;
Société;https://fr.wikipedia.org/wiki/Soci%C3%A9t%C3%A9_%28marque%29;Société;;Aveyron;FR;sheep;blue-cheese;false;
Soumaintrain;https://fr.wikipedia.org/wiki/Soumaintrain_(fromage);Soumaintrain;;Bourgogne et pays briard, Île-de-France;FR;cow;rind-washed-cheese;false;
Souréliette du Fédou;;Souréliette du Fédou;;Lozère;FR;;;false;
Sourire lozérien;;Sourire lozérien;;Lozère;FR;;;false;
Spinosien;;Spinosien;;Haut-Doubs;FR;;;false;
St Môret;;St Môret;;Périgord;FR;cow;mixed-cheese;false;
Suprême des Ducs;https://fr.wikipedia.org/wiki/Supr%C3%AAme_des_Ducs;Suprême des Ducs;;Yonne;FR;cow;soft-ripened-cheese;false;
Takamaka;https://fr.wikipedia.org/wiki/Takamaka_%28fromage%29;Takamaka;;Réunion;FR;goat;fresh-cheese;false;
Tarentais;;Tarentais;;Haute-Tarentaise;FR;;;false;
Taupinette;https://fr.wikipedia.org/wiki/Taupinette;Taupinette;;Charente;FR;goat;soft-ripened-cheese;false;
Taupinière de Charente;;Taupinière de Charente;;Charentes;FR;;;false;
T'chiot biloute;https://fr.wikipedia.org/wiki/T%27chiot_biloute;T'chiot biloute;;Avesnois;FR;cow;rind-washed-cheese;false;
Templais;;Templais;;Aquitaine;FR;;;false;
Thérondels;https://fr.wikipedia.org/wiki/Thérondels_%28fromage%29;Thérondels;;Aveyron;FR;cow;uncooked-pressed-cheese;false;
Thollon;https://fr.wikipedia.org/wiki/Thollon;Thollon;;Savoie;FR;cow;blue-cheese;false;
Ti frais des Hauts;https://fr.wikipedia.org/wiki/Ti_frais_des_Hauts;Ti frais des Hauts;;Réunion;FR;cow;fresh-cheese;false;
Ti Pavez;;Ti Pavez;;Bretagne;FR;;;false;
Tignard;https://fr.wikipedia.org/wiki/Tignard ;Tignard;;Savoie;FR;mix;blue-cheese;false;
Tome de Belley ou chevret;;Tome de Belley ou chevret;;Ain;FR;;;false;
Tome de Cambrai;https://fr.wikipedia.org/wiki/Tome_de_Cambrai;Tome de Cambrai;;Nord;FR;cow;uncooked-pressed-cheese;false;
Tome de Corse;;Tome de Corse;;Corse;FR;;;false;
Tome de Lévéjac;https://fr.wikipedia.org/wiki/L%C3%A9v%C3%A9jac_(marque) ;Tome de Lévéjac;https://upload.wikimedia.org/wikipedia/commons/9/91/Fromage-levejac.jpg;Lozère;FR;sheep;uncooked-pressed-cheese;false;
Tome de Rhuys;https://fr.wikipedia.org/wiki/Tome_de_Rhuys;Tome de Rhuys;;Morbihan;FR;cow;uncooked-pressed-cheese;false;
Tome des Bauges;https://fr.wikipedia.org/wiki/Tome_des_Bauges;Tome des Bauges;;Savoie;FR;cow;uncooked-pressed-cheese;true;2002
Tome du Poitou;;Tome du Poitou;;Poitou;FR;;;false;
Tome fraîche;https://fr.wikipedia.org/wiki/Tome_fra%C3%AEche;Tome fraîche;;Aveyron,Lozère;FR;cow;fresh-cheese;false;
Tomette de brebis;https://fr.wikipedia.org/wiki/Tomette_de_brebis;Tomette de brebis;;Hautes-Pyrénées;FR;sheep;uncooked-pressed-cheese;false;
Tomme au fenouil;https://fr.wikipedia.org/wiki/Tomme_au_fenouil;Tomme au fenouil;https://upload.wikimedia.org/wikipedia/commons/thumb/3/34/WikiCheese_-_Tomme_de_Savoie_-_20150619_-_002.jpg/1920px-WikiCheese_-_Tomme_de_Savoie_-_20150619_-_002.jpg;Savoie;FR;cow;uncooked-pressed-cheese;false;
Tomme au foin;https://fr.wikipedia.org/wiki/Tomme_au_foin;Tomme au foin;;Picardie;FR;cow;uncooked-pressed-cheese;false;
Tomme au marc de raisin;;Tomme au marc de raisin;;Savoie et Haute-Savoie;FR;;;false;
Tomme blanche;https://fr.wikipedia.org/wiki/Tomme_blanche;Tomme blanche;;Savoie;FR;cow;soft-ripened-cheese;false;
Tomme catalane;;Tomme catalane;;Pyrénées Orientales;FR;;;false;
Tomme céronnée;;Tomme céronnée;;Savoie;FR;;uncooked-pressed-cheese;false;
Tomme crayeuse;https://fr.wikipedia.org/wiki/Tomme_crayeuse;Tomme crayeuse;;Savoie;FR;cow;uncooked-pressed-cheese;false;
Tomme d'Annot;;Tomme d'Annot;;Arrière-pays niçois;FR;;;false;
Tomme d'Arles;https://fr.wikipedia.org/wiki/Tomme_d%27Arles;Tomme d'Arles;https://upload.wikimedia.org/wikipedia/commons/8/80/Tomme_d%27Arles.jpg;Camargue;FR;sheep;fresh-cheese;false;
Tomme d'Auvergne;;Tomme d'Auvergne;;Auvergne;FR;;;false;
Tomme de Banon à la sariette;;Tomme de Banon à la sariette;;Provence;FR;;;false;
Tomme de Banon au poivre;;Tomme de Banon au poivre;;Provence;FR;;;false;
Tomme de Faucigny;;Tomme de Faucigny;;Haute-Savoie;FR;;;false;
Tomme de Gorze;https://fr.wikipedia.org/wiki/Tomme_de_Gorze;Tomme de Gorze;;Moselle;FR;cow;cooked-pressed-cheese;false;
Tomme de l'Auxois;;Tomme de l'Auxois;;Bourgogne;FR;;;false;
Tomme de Lomagne;;Tomme de Lomagne;;Midi-Pyrénées;FR;;;false;
Tomme de l'Ubaye;https://fr.wikipedia.org/wiki/Tomme_de_l%27Ubaye;Tomme de l'Ubaye;https://upload.wikimedia.org/wikipedia/commons/thumb/9/9c/St_Trinit_-_Ail_et_Tomme_de_l%27Ubbaye.jpg/1280px-St_Trinit_-_Ail_et_Tomme_de_l%27Ubbaye.jpg;Alpes-de-Haute-Provence;FR;cow;soft-ripened-cheese;false;
Tomme de Montagne;https://fr.wikipedia.org/wiki/Tomme_de_Montagne;Tomme de Montagne;;Auvergne;FR;cow;uncooked-pressed-cheese;false;
Tomme de Provence;https://fr.wikipedia.org/wiki/Tomme_de_Provence;Tomme de Provence;https://upload.wikimedia.org/wikipedia/commons/thumb/1/1f/Tomme_de_Provence_dans_une_fromagerie_d%27Arles.jpg/1280px-Tomme_de_Provence_dans_une_fromagerie_d%27Arles.jpg;;FR;goat;soft-ripened-cheese;false;
Tomme de Rilhac;https://fr.wikipedia.org/wiki/Tomme_de_Rilhac;Tomme de Rilhac;https://upload.wikimedia.org/wikipedia/commons/thumb/5/5d/Tomme_de_Rilhac.jpg/1280px-Tomme_de_Rilhac.jpg;Auvergne;FR;cow;uncooked-pressed-cheese;false;
Tomme de Romans;https://fr.wikipedia.org/wiki/Tomme_de_Romans;Tomme de Romans;;Drôme;FR;cow;soft-ripened-cheese;false;
Tomme de Savoie;https://fr.wikipedia.org/wiki/Tomme_de_Savoie;Tomme de Savoie;;Savoie et Haute-Savoie;FR;cow;uncooked-pressed-cheese;false;
Tomme de Seyssel;;Tomme de Seyssel;;Haute-Savoie;FR;;;false;
Tomme de Thônes;;Tomme de Thônes;;Haute-Savoie;FR;;;false;
Tomme de Val d'Isère;;Tomme de Val d'Isère;;Savoie;FR;;;false;
Tomme des Pyrénées;https://fr.wikipedia.org/wiki/Tomme_des_Pyr%C3%A9n%C3%A9es;Tomme des Pyrénées;;Pyrénées;FR;cow;uncooked-pressed-cheese;false;
Tomme des Quatre Dames de Forcalqier;;Tomme des Quatre Dames de Forcalqier;;Alpes-de-Haute-Provence;FR;;;false;
Tomme des Vosges;https://fr.wikipedia.org/wiki/Bargkass;Tomme des Vosges;https://upload.wikimedia.org/wikipedia/commons/thumb/2/24/Bargkass_de_la_ferme_de_la_Chapelle_des_V%C3%A9s_01.jpg/1920px-Bargkass_de_la_ferme_de_la_Chapelle_des_V%C3%A9s_01.jpg;Vosges, Alsace;FR;cow;uncooked-pressed-cheese;false;
Tomme du Champsaur;https://fr.wikipedia.org/wiki/Tomme_du_Champsaur;Tomme du Champsaur;;;FR;cow;soft-ripened-cheese;false;
Tomme du Jura;;Tomme du Jura;;Franche-Comté;FR;;uncooked-pressed-cheese;false;
Tomme du Limousin;;Tomme du Limousin;;Limousin;FR;;;false;
Tomme du Mont-Cenis;;Tomme du Mont-Cenis;;Savoie;FR;;;false;
Tomme du Morvan;;Tomme du Morvan;;Bourgogne;FR;;;false;
Tomme fermière des Hautes-Vosges;;Tomme fermière des Hautes-Vosges;;Alsace;FR;;;false;
Tomme forte de Savoie;https://fr.wikipedia.org/wiki/Tomme_forte_de_Savoie;Tomme forte de Savoie;;Savoie;FR;cow;mixed-cheese;false;
Tommette de Cluny;;Tommette de Cluny;;Bourgogne;FR;;;false;
Toucy;;Toucy;;Centre;FR;;;false;
Tourmalet;;Tourmalet;;Hautes-Pyrénées;FR;;;false;
Tournon-saint-pierre;;Tournon-saint-pierre;;Touraine;FR;goat;soft-ripened-cheese;false;
Tournon-saint-pierre;https://fr.wikipedia.org/wiki/Tournon-saint-pierre_(fromage) ;Tournon-saint-pierre;;Touraine;FR;goat;soft-ripened-cheese;false;
Tourrée de l'Aubier;https://fr.wikipedia.org/wiki/Tourr%C3%A9e_de_l%27Aubier;Tourrée de l'Aubier;;Moselle;FR;cow;soft-ripened-cheese;false;
Tourrier de l'aubier;;Tourrier de l'aubier;;Jura;FR;;;false;
Tracle;https://fr.wikipedia.org/wiki/Tracle;Tracle;;Bugey;FR;cow;mixed-cheese;false;
Trappe de Bricquebec;https://fr.wikipedia.org/wiki/Trappe_de_Bricquebec;Trappe de Bricquebec;;Normandie;FR;cow;uncooked-pressed-cheese;false;
Trappe de la Coudre;https://fr.wikipedia.org/wiki/Trappe_de_la_Coudre;Trappe de la Coudre;https://upload.wikimedia.org/wikipedia/commons/thumb/6/6f/Trappe_de_la_Coudre.JPG/1280px-Trappe_de_la_Coudre.JPG;Mayenne;FR;cow;uncooked-pressed-cheese;false;
Trappe de Timadeuc;https://fr.wikipedia.org/wiki/Trappe_de_Timadeuc;Trappe de Timadeuc;https://upload.wikimedia.org/wikipedia/commons/thumb/c/ce/Fromages_de_Timadeuc.jpg/1280px-Fromages_de_Timadeuc.jpg;Bretagne;FR;cow;uncooked-pressed-cheese;false;
Trappe Échourgnac;;Trappe Échourgnac;;Échourgnac;FR;cow;uncooked-pressed-cheese;false;
Trappe Échourgnac;https://fr.wikipedia.org/wiki/Trappe_%C3%89chourgnac;Trappe Échourgnac;;Dordogne;FR;cow;uncooked-pressed-cheese;false;
Trappiste de Belval;https://fr.wikipedia.org/wiki/Trappiste_de_Belval;Trappiste de Belval;;Pas-de-Calais;FR;cow;cooked-pressed-cheese;false;
Trappiste de Campénéac;https://fr.wikipedia.org/wiki/Trappiste_de_Camp%C3%A9n%C3%A9ac;Trappiste de Campénéac;;Morbihan;FR;cow;uncooked-pressed-cheese;false;
Trappiste de Laval;https://fr.wikipedia.org/wiki/Trappiste_de_Laval;Trappiste de Laval;;Mayenne;FR;cow;rind-washed-cheese;false;
Trèfle;;Trèfle;;Eure-et-Loir, Loir-et-Cher ,Orne, Basse-Normandie et Sarthe;FR;;;false;
Tricorne de Marans;https://fr.wikipedia.org/wiki/Tricorne_de_Marans;Tricorne de Marans;;Charentes;FR;sheep;soft-ripened-cheese;false;
Trinqueux;;Trinqueux;;Bourgogne;FR;;;false;
Trois cornes;;Trois cornes;;Poitou;FR;;;false;
Trou du Cru;https://fr.wikipedia.org/wiki/Trou_du_Cru ;Trou du Cru;;Côte d'Or;FR;cow;rind-washed-cheese;false;
Troyen cendré;https://fr.wikipedia.org/wiki/Troyen_cendr%C3%A9 ;Troyen cendré;;Champagne;FR;cow;soft-ripened-cheese;false;
Truffe de Valensole;;Truffe de Valensole;;Alpes-de-Haute-Provence;FR;;;false;
Truffe de Ventadour;https://fr.wikipedia.org/wiki/Truffe_de_Ventadour;Truffe de Ventadour;;Corrèze;FR;goat;soft-ripened-cheese;false;
U Muntagnolu;https://fr.wikipedia.org/wiki/U_Muntagnolu;U Muntagnolu;https://upload.wikimedia.org/wikipedia/commons/thumb/4/4e/Fromage_U_Muntagnolu.jpg/1280px-Fromage_U_Muntagnolu.jpg;Haute-Corse;FR;sheep;rind-washed-cheese;false;
Vachard;;Vachard;;monts du Forez;FR;;;false;
Vacherin d'Abondance;;Vacherin d'Abondance;;Savoie;FR;;;false;
Vacherin des Bauges;https://fr.wikipedia.org/wiki/Vacherin_des_Bauges;Vacherin des Bauges;;Savoie;FR;cow;rind-washed-cheese;false;
Vacherin du Haut-Doubs;https://fr.wikipedia.org/wiki/Mont_d%27Or_(fromage);Vacherin du Haut-Doubs;https://upload.wikimedia.org/wikipedia/commons/4/44/Vacherin_du_haut_Doubs.jpg;Franche-Comté;FR;cow;rind-washed-cheese;false;
Valaine;;Valaine;;Pays de Caux,Haute-Normandie;FR;;;false;
Valençay;https://fr.wikipedia.org/wiki/Valen%C3%A7ay_(fromage);Valençay;;Berry;FR;goat;soft-ripened-cheese;true;1998
Vallée d'Ossau;https://fr.wikipedia.org/wiki/Vall%C3%A9e_d%27Ossau;Vallée d'Ossau;;Béarn;FR;cow;uncooked-pressed-cheese;false;
Velay;https://www.tentationfromage.fr/fromage/velay.html;Velay;;Haute-Loire;FR;cow;uncooked-pressed-cheese;false;
Venaco;https://fr.wikipedia.org/wiki/Venaco_(fromage);Venaco;https://upload.wikimedia.org/wikipedia/commons/thumb/1/17/Fromage_Venachese-Luciani.jpg/260px-Fromage_Venachese-Luciani.jpg;Haute-Corse;FR;mix;rind-washed-cheese;false;
Vendôme bleu ou cendré;;Vendôme bleu ou cendré;;Orléanais;FR;;;false;
Vernet;;Vernet;;Allier;FR;;;false;
Vesontio;;Vesontio;;Franche-Comté;FR;;;false;
Vieux Boulogne;https://fr.wikipedia.org/wiki/Vieux_Boulogne;Vieux Boulogne;;Pas-de-Calais;FR;cow;rind-washed-cheese;false;
Vieux Corse;;Vieux Corse;;Corse;FR;;;false;
Vieux Lille;https://fr.wikipedia.org/wiki/Maroilles_(fromage)#Variantes_et_fromages_dérivés_du_Maroilles;Vieux Lille;https://upload.wikimedia.org/wikipedia/commons/thumb/6/66/Maroilles_%28cheese%29.jpg/1024px-Maroilles_%28cheese%29.jpg;,Flandre française,;FR;cow;rind-washed-cheese;false;
Vieux Moulin;;Vieux Moulin;;Pas-de-Calais;FR;;;false;
Vieux pané;https://fr.wikipedia.org/wiki/Vieux_pan%C3%A9;Vieux pané;;Mayenne;FR;cow;uncooked-pressed-cheese;false;
Vieux Samer;https://fr.wikipedia.org/wiki/Vieux_Samer;Vieux Samer;;Pas-de-Calais;FR;cow;rind-washed-cheese;false;
Vignelait;;Vignelait;;Seine-et-Marne;FR;;;false;
Villageois;;Villageois;;Poitou-Charentes;FR;;;false;
Void;https://fr.wikipedia.org/wiki/Void_(fromage);Void;;Meuse;FR;cow;rind-washed-cheese;false;
Voves cendré;https://fr.wikipedia.org/wiki/Voves_cendr%C3%A9;Voves cendré;;Eure-et-Loir;FR;cow;soft-ripened-cheese;false;
